date,paire,action,prix,raison,donnees
25/09 01:38,XBTUSD,SKIP,84256.9,pas de tendance haussière (EMA20 84221.24 ≤ EMA50 84486.60); prix au-dessus de l'EMA rapide; RSI 49 dans la zone 45-70,"{""ema_fast"": 84221.2402549391, ""ema_slow"": 84486.59515246312, ""rsi"": 49.3671706926416, ""atr"": 562.1339935467465}"
25/09 01:38,ETHUSD,SKIP,2684.7,pas de tendance haussière (EMA20 2679.61 ≤ EMA50 2690.03); prix au-dessus de l'EMA rapide; RSI 51 dans la zone 45-70,"{""ema_fast"": 2679.6056884747236, ""ema_slow"": 2690.0327199365984, ""rsi"": 51.10654592335992, ""atr"": 22.62819109259024}"
25/09 01:38,SOLUSD,ENTER,117.23711999999999,"tendance haussière (EMA20 115.87 > EMA50 115.77); prix au-dessus de l'EMA rapide; RSI 56 dans la zone 45-70 → achat de 0.424787 à 117.24 (50.00 USD frais compris), stop 114.91, objectif 123.05","{""qty"": 0.4247869344858438, ""stop"": 114.91135714761843, ""tp"": 123.0515271309539, ""ema_fast"": 115.87423261876019, ""ema_slow"": 115.77101321268199, ""rsi"": 55.87162156308122, ""atr"": 1.1628814261907812}"
25/09 01:38,-,EQUITY,49.800796812749006,capital simulé 49.80 USD dont 0.00 USD de cash,{}
25/09 02:28,SOLUSD,HOLD,117.44,"position gardée : stop 114.91, objectif 123.05, latent -0.31 USD",{}
25/09 02:28,XBTUSD,SKIP,84380.0,"tendance trop faible ou baissière (EMA20 84236.36, EMA50 84482.41); EMA20 encore montante (+29.73 sur 3 bougies); prix au-dessus de l'EMA rapide; RSI 51 dans la zone 45-70","{""ema_fast"": 84236.36023065918, ""ema_slow"": 84482.4149504058, ""rsi"": 51.185700011098994, ""atr"": 536.4172797219793}"
25/09 02:28,ETHUSD,SKIP,2687.24,"tendance trop faible ou baissière (EMA20 2680.33, EMA50 2689.92); EMA20 encore montante (+2.00 sur 3 bougies); prix au-dessus de l'EMA rapide; RSI 52 dans la zone 45-70","{""ema_fast"": 2680.332765762845, ""ema_slow"": 2689.9232015077127, ""rsi"": 52.0886542553828, ""atr"": 21.629748871690943}"
25/09 02:28,-,EQUITY,49.886977586017494,capital simulé 49.89 USD dont 0.00 USD de cash,{}
25/09 03:31,SOLUSD,HOLD,117.25,"position gardée : stop 114.91, objectif 123.05, latent -0.39 USD",{}
25/09 03:31,XBTUSD,SKIP,84566.5,"tendance trop faible ou baissière (EMA20 84267.80, EMA50 84485.71); EMA20 encore montante (+50.32 sur 3 bougies); prix au-dessus de l'EMA rapide; RSI 54 dans la zone 45-70","{""ema_fast"": 84267.80211345354, ""ema_slow"": 84485.7124033311, ""rsi"": 53.887847048402804, ""atr"": 519.3946168846954}"
25/09 03:31,ETHUSD,SKIP,2689.4,"tendance trop faible ou baissière (EMA20 2681.20, EMA50 2689.90); EMA20 encore montante (+2.13 sur 3 bougies); prix au-dessus de l'EMA rapide; RSI 53 dans la zone 45-70","{""ema_fast"": 2681.1963118806693, ""ema_slow"": 2689.9026838015307, ""rsi"": 52.95409085926524, ""atr"": 20.731909666570193}"
25/09 03:31,-,EQUITY,49.80626806846519,capital simulé 49.81 USD dont 0.00 USD de cash,{}
25/09 04:33,SOLUSD,HOLD,118.05,"position gardée : stop 114.91, objectif 123.05, latent -0.05 USD",{}
25/09 04:33,XBTUSD,SKIP,84589.8,"tendance trop faible ou baissière (EMA20 84298.47, EMA50 84489.79); EMA20 encore montante (+77.23 sur 3 bougies); prix au-dessus de l'EMA rapide; RSI 54 dans la zone 45-70","{""ema_fast"": 84298.46857883892, ""ema_slow"": 84489.79426986724, ""rsi"": 54.228738851669824, ""atr"": 513.6021442500745}"
25/09 04:33,ETHUSD,SKIP,2688.71,"tendance trop faible ou baissière (EMA20 2681.91, EMA50 2689.86); EMA20 encore montante (+2.31 sur 3 bougies); prix au-dessus de l'EMA rapide; RSI 53 dans la zone 45-70","{""ema_fast"": 2681.9119012253677, ""ema_slow"": 2689.8559118877497, ""rsi"": 52.6270620305466, ""atr"": 20.35677326181518}"
25/09 04:33,-,EQUITY,50.14609761605386,capital simulé 50.15 USD dont 0.00 USD de cash,{}
25/09 05:34,SOLUSD,HOLD,116.85,"position gardée : stop 114.91, objectif 123.05, latent -0.56 USD",{}
25/09 05:34,XBTUSD,SKIP,84198.5,"tendance trop faible ou baissière (EMA20 84288.95, EMA50 84478.37); EMA20 encore montante (+52.59 sur 3 bougies); prix sous l'EMA rapide; RSI 48 dans la zone 45-70","{""ema_fast"": 84288.94776180664, ""ema_slow"": 84478.37096516656, ""rsi"": 47.833303089601515, ""atr"": 527.230562517927}"
25/09 05:34,ETHUSD,SKIP,2675.93,"tendance trop faible ou baissière (EMA20 2681.34, EMA50 2689.31); EMA20 encore montante (+1.01 sur 3 bougies); prix sous l'EMA rapide; RSI 47 dans la zone 45-70","{""ema_fast"": 2681.3421963467613, ""ema_slow"": 2689.3097976960735, ""rsi"": 46.85526124727246, ""atr"": 20.69200374311411}"
25/09 05:34,-,EQUITY,49.63635329467085,capital simulé 49.64 USD dont 0.00 USD de cash,{}
25/09 06:37,SOLUSD,HOLD,116.89,"position gardée : stop 114.91, objectif 123.05, latent -0.55 USD",{}
25/09 06:37,XBTUSD,SKIP,84211.2,"tendance trop faible ou baissière (EMA20 84281.54, EMA50 84467.89); EMA20 encore montante (+13.74 sur 3 bougies); prix sous l'EMA rapide; RSI 48 dans la zone 45-70","{""ema_fast"": 84281.54321306315, ""ema_slow"": 84467.89367241484, ""rsi"": 48.04745699731105, ""atr"": 512.035522338075}"
25/09 06:37,ETHUSD,SKIP,2678.1,"tendance trop faible ou baissière (EMA20 2681.03, EMA50 2688.87); EMA20 qui s'essouffle (-0.16 sur 3 bougies); prix sous l'EMA rapide; RSI 48 dans la zone 45-70","{""ema_fast"": 2681.033415742308, ""ema_slow"": 2688.8701977864193, ""rsi"": 47.90010799108083, ""atr"": 19.829003475748827}"
25/09 06:37,-,EQUITY,49.65334477205028,capital simulé 49.65 USD dont 0.00 USD de cash,{}
25/09 07:39,SOLUSD,HOLD,116.62,"position gardée : stop 114.91, objectif 123.05, latent -0.66 USD",{}
25/09 07:39,XBTUSD,SKIP,84192.7,"tendance trop faible ou baissière (EMA20 84273.08, EMA50 84457.10); EMA20 qui s'essouffle (-25.39 sur 3 bougies); prix sous l'EMA rapide; RSI 48 dans la zone 45-70","{""ema_fast"": 84273.08195467618, ""ema_slow"": 84457.10176369277, ""rsi"": 47.74001168453383, ""atr"": 492.36155645678326}"
25/09 07:39,ETHUSD,SKIP,2679.59,"tendance trop faible ou baissière (EMA20 2680.90, EMA50 2688.51); EMA20 qui s'essouffle (-1.02 sur 3 bougies); prix sous l'EMA rapide; RSI 49 dans la zone 45-70","{""ema_fast"": 2680.895947576374, ""ema_slow"": 2688.5062684614654, ""rsi"": 48.646680606782425, ""atr"": 19.39907465605251}"
25/09 07:39,-,EQUITY,49.538652299739105,capital simulé 49.54 USD dont 0.00 USD de cash,{}
25/09 08:42,SOLUSD,HOLD,116.22,"position gardée : stop 114.91, objectif 123.05, latent -0.83 USD",{}
25/09 08:42,XBTUSD,SKIP,84177.3,"tendance trop faible ou baissière (EMA20 84263.96, EMA50 84446.13); EMA20 qui s'essouffle (-24.99 sur 3 bougies); prix sous l'EMA rapide; RSI 47 dans la zone 45-70","{""ema_fast"": 84263.95986375464, ""ema_slow"": 84446.1291455087, ""rsi"": 47.46772303059998, ""atr"": 474.4643024241561}"
25/09 08:42,ETHUSD,SKIP,2679.53,"tendance trop faible ou baissière (EMA20 2680.77, EMA50 2688.15); EMA20 qui s'essouffle (-0.58 sur 3 bougies); prix sous l'EMA rapide; RSI 49 dans la zone 45-70","{""ema_fast"": 2680.765857331005, ""ema_slow"": 2688.1542579335623, ""rsi"": 48.616469383226146, ""atr"": 18.68342646633445}"
25/09 08:42,-,EQUITY,49.368737525944766,capital simulé 49.37 USD dont 0.00 USD de cash,{}
25/09 08:48,SOLUSD,HOLD,116.14,"position gardée : stop 114.91, objectif 123.05, latent -0.86 USD",{}
25/09 08:48,XBTUSD,SKIP,84177.3,"tendance trop faible ou baissière (EMA20 84263.96, EMA50 84446.13); EMA20 qui s'essouffle (-24.99 sur 3 bougies); prix sous l'EMA rapide; RSI 47 dans la zone 45-70","{""ema_fast"": 84263.95986375464, ""ema_slow"": 84446.1291455087, ""rsi"": 47.46772303059998, ""atr"": 474.4643024241561}"
25/09 08:48,ETHUSD,SKIP,2679.53,"tendance trop faible ou baissière (EMA20 2680.77, EMA50 2688.15); EMA20 qui s'essouffle (-0.58 sur 3 bougies); prix sous l'EMA rapide; RSI 49 dans la zone 45-70","{""ema_fast"": 2680.765857331005, ""ema_slow"": 2688.1542579335623, ""rsi"": 48.616469383226146, ""atr"": 18.68342646633445}"
25/09 08:48,-,EQUITY,49.334754571185904,capital simulé 49.33 USD dont 0.00 USD de cash,{}
25/09 09:43,SOLUSD,HOLD,116.08,"position gardée : stop 114.91, objectif 123.05, latent -0.89 USD",{}
25/09 09:43,XBTUSD,SKIP,84024.0,"tendance trop faible ou baissière (EMA20 84241.11, EMA50 84429.58); EMA20 qui s'essouffle (-40.44 sur 3 bougies); prix sous l'EMA rapide; RSI 45 hors zone 45-70","{""ema_fast"": 84241.10654339705, ""ema_slow"": 84429.57506137111, ""rsi"": 44.73259752835963, ""atr"": 465.438280822431}"
25/09 09:43,ETHUSD,SKIP,2673.99,"tendance trop faible ou baissière (EMA20 2680.12, EMA50 2687.60); EMA20 qui s'essouffle (-0.91 sur 3 bougies); prix sous l'EMA rapide; RSI 46 dans la zone 45-70","{""ema_fast"": 2680.120537585195, ""ema_slow"": 2687.5987968381305, ""rsi"": 45.788867864056215, ""atr"": 18.25461029016769}"
25/09 09:43,-,EQUITY,49.30926735511675,capital simulé 49.31 USD dont 0.00 USD de cash,{}
25/09 10:46,SOLUSD,HOLD,116.98,"position gardée : stop 114.91, objectif 123.05, latent -0.51 USD",{}
25/09 10:46,XBTUSD,SKIP,84024.2,"tendance trop faible ou baissière (EMA20 84220.45, EMA50 84413.68); EMA20 qui s'essouffle (-52.63 sur 3 bougies); prix sous l'EMA rapide; RSI 45 hors zone 45-70","{""ema_fast"": 84220.44877735923, ""ema_slow"": 84413.67800014079, ""rsi"": 44.7370714181289, ""atr"": 456.6712607636858}"
25/09 10:46,ETHUSD,SKIP,2671.23,"tendance trop faible ou baissière (EMA20 2679.27, EMA50 2686.96); EMA20 qui s'essouffle (-1.62 sur 3 bougies); prix sous l'EMA rapide; RSI 44 hors zone 45-70","{""ema_fast"": 2679.2738197199383, ""ema_slow"": 2686.956883236633, ""rsi"": 44.403280706200945, ""atr"": 17.87856669801284}"
25/09 10:46,-,EQUITY,49.69157559615401,capital simulé 49.69 USD dont 0.00 USD de cash,{}
25/09 11:48,SOLUSD,HOLD,118.28,"position gardée : stop 114.91, objectif 123.05, latent +0.04 USD",{}
25/09 11:48,XBTUSD,SKIP,84403.4,"tendance trop faible ou baissière (EMA20 84237.87, EMA50 84413.27); EMA20 qui s'essouffle (-26.09 sur 3 bougies); prix au-dessus de l'EMA rapide; RSI 53 dans la zone 45-70","{""ema_fast"": 84237.872703325, ""ema_slow"": 84413.27494131167, ""rsi"": 52.57570131381092, ""atr"": 457.16617070913617}"
25/09 11:48,ETHUSD,SKIP,2690.56,"tendance trop faible ou baissière (EMA20 2680.35, EMA50 2687.10); EMA20 qui s'essouffle (-0.42 sur 3 bougies); prix au-dessus de l'EMA rapide; RSI 55 dans la zone 45-70","{""ema_fast"": 2680.348694032325, ""ema_slow"": 2687.0981819332324, ""rsi"": 54.73444462608289, ""atr"": 18.352240505297623}"
25/09 11:48,-,EQUITY,50.24379861098561,capital simulé 50.24 USD dont 0.00 USD de cash,{}
25/09 12:50,SOLUSD,HOLD,119.11,"position gardée : stop 114.91, objectif 123.05, latent +0.39 USD",{}
25/09 12:50,XBTUSD,SKIP,84561.4,"tendance trop faible ou baissière (EMA20 84268.68, EMA50 84419.08); EMA20 encore montante (+27.58 sur 3 bougies); prix au-dessus de l'EMA rapide; RSI 55 dans la zone 45-70","{""ema_fast"": 84268.68482681786, ""ema_slow"": 84419.08376714269, ""rsi"": 55.413509238408864, ""atr"": 455.38287280134153}"
25/09 12:50,ETHUSD,SKIP,2704.06,"tendance trop faible ou baissière (EMA20 2682.61, EMA50 2687.76); EMA20 encore montante (+2.49 sur 3 bougies); prix au-dessus de l'EMA rapide; RSI 60 dans la zone 45-70","{""ema_fast"": 2682.606913648294, ""ema_slow"": 2687.7633512691905, ""rsi"": 60.28505396333497, ""atr"": 18.962080469204928}"
25/09 12:50,-,EQUITY,50.596371766608854,capital simulé 50.60 USD dont 0.00 USD de cash,{}
25/09 13:00,SOLUSD,SECURE,119.63,+2.0 ATR atteint → stop remonté à 118.30 (position sans risque de perte),"{""position"": 1}"
25/09 13:52,SOLUSD,HOLD,121.05,"position gardée : stop 118.30, objectif 123.05, latent +1.21 USD",{}
25/09 13:52,XBTUSD,SKIP,84705.1,"tendance trop faible ou baissière (EMA20 84310.25, EMA50 84430.30); EMA20 encore montante (+89.80 sur 3 bougies); prix au-dessus de l'EMA rapide; RSI 58 dans la zone 45-70","{""ema_fast"": 84310.24817664473, ""ema_slow"": 84430.30008999974, ""rsi"": 57.88201438161555, ""atr"": 456.776953315531}"
25/09 13:52,ETHUSD,SKIP,2713.26,"tendance trop faible ou baissière (EMA20 2685.53, EMA50 2688.76); EMA20 encore montante (+6.25 sur 3 bougies); prix au-dessus de l'EMA rapide; RSI 64 dans la zone 45-70","{""ema_fast"": 2685.526255205599, ""ema_slow"": 2688.7632198468687, ""rsi"": 63.56405524102434, ""atr"": 19.452646149976}"
25/09 13:52,-,EQUITY,51.42045841951139,capital simulé 51.42 USD dont 0.00 USD de cash,{}
25/09 14:24,SOLUSD,HOLD,119.7,"position gardée : stop 118.30, objectif 123.05, latent +0.64 USD",{}
25/09 14:24,XBTUSD,SKIP,84574.5,"tendance trop faible ou baissière (EMA20 84335.42, EMA50 84435.95); EMA20 encore montante (+97.54 sur 3 bougies); prix au-dessus de l'EMA rapide; RSI 55 dans la zone 45-70","{""ema_fast"": 84335.41501696428, ""ema_slow"": 84435.95498843107, ""rsi"": 54.90673692779617, ""atr"": 472.250028078707}"
25/09 14:24,ETHUSD,SKIP,2716.81,"tendance trop faible ou baissière (EMA20 2688.51, EMA50 2689.86); EMA20 encore montante (+8.16 sur 3 bougies); prix au-dessus de l'EMA rapide; RSI 65 dans la zone 45-70","{""ema_fast"": 2688.5056594717325, ""ema_slow"": 2689.863093578362, ""rsi"": 64.77268251856009, ""atr"": 20.206742853549162}"
25/09 14:24,-,EQUITY,50.84699605795551,capital simulé 50.85 USD dont 0.00 USD de cash,{}
25/09 15:57,SOLUSD,HOLD,119.56,"position gardée : stop 118.30, objectif 123.05, latent +0.58 USD",{}
25/09 15:57,XBTUSD,SKIP,84443.8,"tendance trop faible ou baissière (EMA20 84345.74, EMA50 84436.26); EMA20 encore montante (+77.05 sur 3 bougies); prix au-dessus de l'EMA rapide; RSI 52 dans la zone 45-70","{""ema_fast"": 84345.73739630102, ""ema_slow"": 84436.26263594361, ""rsi"": 52.02463101052467, ""atr"": 495.54645464451323}"
25/09 15:57,ETHUSD,SKIP,2716.92,"tendance trop faible ou baissière (EMA20 2691.21, EMA50 2690.92); EMA20 encore montante (+8.60 sur 3 bougies); prix au-dessus de l'EMA rapide; RSI 65 dans la zone 45-70","{""ema_fast"": 2691.2117871410915, ""ema_slow"": 2690.924148732152, ""rsi"": 64.81163278990985, ""atr"": 21.424118364009935}"
25/09 15:57,-,EQUITY,50.78752588712749,capital simulé 50.79 USD dont 0.00 USD de cash,{}
25/09 16:00,SOLUSD,STOP_SECURISE,118.17878361445781,"stop touché → vente à 118.18, résultat +0.00 USD","{""position"": 1, ""pnl"": 0.0}"
25/09 16:59,XBTUSD,SKIP,83909.4,"tendance trop faible ou baissière (EMA20 84304.18, EMA50 84415.60); EMA20 qui s'essouffle (-6.07 sur 3 bougies); prix sous l'EMA rapide; RSI 42 hors zone 45-70","{""ema_fast"": 84304.18145379615, ""ema_slow"": 84415.60135610247, ""rsi"": 42.25756147502665, ""atr"": 534.4359935984766}"
25/09 16:59,ETHUSD,SKIP,2694.62,"tendance trop faible ou baissière (EMA20 2691.54, EMA50 2691.07); EMA20 encore montante (+6.01 sur 3 bougies); prix au-dessus de l'EMA rapide; RSI 52 dans la zone 45-70","{""ema_fast"": 2691.53637884194, ""ema_slow"": 2691.0690840759835, ""rsi"": 52.20872256847164, ""atr"": 22.92382419515209}"
25/09 16:59,SOLUSD,ENTER,120.44031999999999,"tendance nette (EMA20 117.76 > EMA50 116.77 de 0.1%+); EMA20 encore montante (+0.88 sur 3 bougies); prix au-dessus de l'EMA rapide; RSI 64 dans la zone 45-70 → achat de 0.413489 à 120.44 (50.00 USD frais compris), stop 117.60, objectif 127.54","{""qty"": 0.4134894096324969, ""stop"": 117.59903010385804, ""tp"": 127.54354474035486, ""ema_fast"": 117.75565737704451, ""ema_slow"": 116.7694189261561, ""rsi"": 63.67181241462865, ""atr"": 1.4206449480709757}"
25/09 16:59,-,EQUITY,49.800796812749006,capital simulé 49.80 USD dont 0.00 USD de cash,{}
25/09 18:02,SOLUSD,HOLD,120.56,"position gardée : stop 117.60, objectif 127.54, latent -0.35 USD",{}
25/09 18:02,XBTUSD,SKIP,83777.5,"tendance trop faible ou baissière (EMA20 84227.97, EMA50 84374.99); EMA20 qui s'essouffle (-117.76 sur 3 bougies); prix sous l'EMA rapide; RSI 41 hors zone 45-70","{""ema_fast"": 84227.97438734786, ""ema_slow"": 84374.99040984326, ""rsi"": 40.62158719231065, ""atr"": 568.815729174196}"
25/09 18:02,ETHUSD,SKIP,2686.33,"tendance trop faible ou baissière (EMA20 2691.37, EMA50 2691.05); EMA20 encore montante (+0.16 sur 3 bougies); prix sous l'EMA rapide; RSI 48 dans la zone 45-70","{""ema_fast"": 2691.3725912969167, ""ema_slow"": 2691.0460403177394, ""rsi"": 48.16995913247871, ""atr"": 23.692021882554634}"
25/09 18:02,-,EQUITY,49.85028322529383,capital simulé 49.85 USD dont 0.00 USD de cash,{}
25/09 19:06,SOLUSD,HOLD,121.25,"position gardée : stop 117.60, objectif 127.54, latent -0.06 USD",{}
25/09 19:06,XBTUSD,SKIP,83732.6,"tendance trop faible ou baissière (EMA20 84180.80, EMA50 84349.80); EMA20 qui s'essouffle (-123.39 sur 3 bougies); prix sous l'EMA rapide; RSI 40 hors zone 45-70","{""ema_fast"": 84180.79587426712, ""ema_slow"": 84349.79862906519, ""rsi"": 39.92333219802453, ""atr"": 556.1146056617534}"
25/09 19:06,ETHUSD,SKIP,2682.69,"tendance trop faible ou baissière (EMA20 2690.55, EMA50 2690.72); EMA20 qui s'essouffle (-0.99 sur 3 bougies); prix sous l'EMA rapide; RSI 46 dans la zone 45-70","{""ema_fast"": 2690.545677840067, ""ema_slow"": 2690.718352462147, ""rsi"": 46.492652962019044, ""atr"": 23.141877462372147}"
25/09 19:06,-,EQUITY,50.13559091794025,capital simulé 50.14 USD dont 0.00 USD de cash,{}
25/09 19:22,SOLUSD,HOLD,121.05,"position gardée : stop 117.60, objectif 127.54, latent -0.15 USD",{}
25/09 19:22,XBTUSD,SKIP,83732.6,"tendance trop faible ou baissière (EMA20 84180.80, EMA50 84349.80); EMA20 qui s'essouffle (-123.39 sur 3 bougies); prix sous l'EMA rapide; RSI 40 hors zone 45-70","{""ema_fast"": 84180.79587426712, ""ema_slow"": 84349.79862906519, ""rsi"": 39.92333219802453, ""atr"": 556.1146056617534}"
25/09 19:22,ETHUSD,SKIP,2682.69,"tendance trop faible ou baissière (EMA20 2690.55, EMA50 2690.72); EMA20 qui s'essouffle (-0.99 sur 3 bougies); prix sous l'EMA rapide; RSI 46 dans la zone 45-70","{""ema_fast"": 2690.545677840067, ""ema_slow"": 2690.718352462147, ""rsi"": 46.492652962019044, ""atr"": 23.141877462372147}"
25/09 19:22,-,EQUITY,50.05289303601375,capital simulé 50.05 USD dont 0.00 USD de cash,{}
25/09 20:09,SOLUSD,HOLD,121.38,"position gardée : stop 117.60, objectif 127.54, latent -0.01 USD",{}
25/09 20:09,XBTUSD,SKIP,83765.4,"tendance trop faible ou baissière (EMA20 84141.23, EMA50 84326.88); EMA20 qui s'essouffle (-134.16 sur 3 bougies); prix sous l'EMA rapide; RSI 41 hors zone 45-70","{""ema_fast"": 84141.23436243217, ""ema_slow"": 84326.88103576854, ""rsi"": 40.724902512843045, ""atr"": 541.8849909716288}"
25/09 20:09,ETHUSD,SKIP,2685.24,"tendance trop faible ou baissière (EMA20 2690.04, EMA50 2690.50); EMA20 qui s'essouffle (-1.86 sur 3 bougies); prix sous l'EMA rapide; RSI 48 dans la zone 45-70","{""ema_fast"": 2690.040375188632, ""ema_slow"": 2690.5035151106936, ""rsi"": 47.86230846043426, ""atr"": 22.596743357916978}"
25/09 20:09,-,EQUITY,50.189344541192476,capital simulé 50.19 USD dont 0.00 USD de cash,{}
25/09 21:12,SOLUSD,HOLD,121.96,"position gardée : stop 117.60, objectif 127.54, latent +0.23 USD",{}
25/09 21:12,XBTUSD,SKIP,83952.6,"tendance trop faible ou baissière (EMA20 84123.27, EMA50 84312.20); EMA20 qui s'essouffle (-104.71 sur 3 bougies); prix sous l'EMA rapide; RSI 45 dans la zone 45-70","{""ema_fast"": 84123.26918505767, ""ema_slow"": 84312.20334809134, ""rsi"": 45.217469508335654, ""atr"": 523.5360630450839}"
25/09 21:12,ETHUSD,SKIP,2692.85,"tendance trop faible ou baissière (EMA20 2690.31, EMA50 2690.60); EMA20 qui s'essouffle (-1.06 sur 3 bougies); prix au-dessus de l'EMA rapide; RSI 52 dans la zone 45-70","{""ema_fast"": 2690.3079585040005, ""ema_slow"": 2690.5955341259605, ""rsi"": 51.825493592336954, ""atr"": 21.954118832351472}"
25/09 21:12,-,EQUITY,50.429168398779325,capital simulé 50.43 USD dont 0.00 USD de cash,{}
25/09 22:14,SOLUSD,HOLD,121.51,"position gardée : stop 117.60, objectif 127.54, latent +0.04 USD",{}
25/09 22:14,XBTUSD,SKIP,84008.8,"tendance trop faible ou baissière (EMA20 84112.37, EMA50 84300.31); EMA20 qui s'essouffle (-68.43 sur 3 bougies); prix sous l'EMA rapide; RSI 47 dans la zone 45-70","{""ema_fast"": 84112.36735790932, ""ema_slow"": 84300.30517757795, ""rsi"": 46.52775478118414, ""atr"": 495.3834871132918}"
25/09 22:14,ETHUSD,SKIP,2692.5,"tendance trop faible ou baissière (EMA20 2690.52, EMA50 2690.67); EMA20 qui s'essouffle (-0.03 sur 3 bougies); prix au-dessus de l'EMA rapide; RSI 52 dans la zone 45-70","{""ema_fast"": 2690.5167243607625, ""ema_slow"": 2690.6702190621972, ""rsi"": 51.63110443030079, ""atr"": 20.80739605861209}"
25/09 22:14,-,EQUITY,50.2430981644447,capital simulé 50.24 USD dont 0.00 USD de cash,{}
25/09 22:35,SOLUSD,HOLD,122.47,"position gardée : stop 117.60, objectif 127.54, latent +0.44 USD",{}
25/09 22:35,XBTUSD,SKIP,84008.8,"tendance trop faible ou baissière (EMA20 84112.37, EMA50 84300.31); EMA20 qui s'essouffle (-68.43 sur 3 bougies); prix sous l'EMA rapide; RSI 47 dans la zone 45-70","{""ema_fast"": 84112.36735790932, ""ema_slow"": 84300.30517757795, ""rsi"": 46.52775478118414, ""atr"": 495.3834871132918}"
25/09 22:35,ETHUSD,SKIP,2692.5,"tendance trop faible ou baissière (EMA20 2690.52, EMA50 2690.67); EMA20 qui s'essouffle (-0.03 sur 3 bougies); prix au-dessus de l'EMA rapide; RSI 52 dans la zone 45-70","{""ema_fast"": 2690.5167243607625, ""ema_slow"": 2690.6702190621972, ""rsi"": 51.63110443030079, ""atr"": 20.80739605861209}"
25/09 22:35,-,EQUITY,50.640047997691894,capital simulé 50.64 USD dont 0.00 USD de cash,{}
26/09 00:19,SOLUSD,HOLD,121.83,"position gardée : stop 117.60, objectif 127.54, latent +0.17 USD",{}
26/09 00:19,XBTUSD,SKIP,83789.6,"tendance trop faible ou baissière (EMA20 84060.19, EMA50 84263.82); EMA20 qui s'essouffle (-63.08 sur 3 bougies); prix sous l'EMA rapide; RSI 42 hors zone 45-70","{""ema_fast"": 84060.19187348132, ""ema_slow"": 84263.82342613029, ""rsi"": 42.18010642510934, ""atr"": 472.43525164360364}"
26/09 00:19,ETHUSD,SKIP,2681.32,"tendance trop faible ou baissière (EMA20 2689.11, EMA50 2690.06); EMA20 qui s'essouffle (-1.20 sur 3 bougies); prix sous l'EMA rapide; RSI 46 dans la zone 45-70","{""ema_fast"": 2689.105164386021, ""ema_slow"": 2690.0635278617287, ""rsi"": 45.623635993816045, ""atr"": 19.320509866864494}"
26/09 00:19,-,EQUITY,50.3754147755271,capital simulé 50.38 USD dont 0.00 USD de cash,{}
26/09 01:21,SOLUSD,HOLD,122.04,"position gardée : stop 117.60, objectif 127.54, latent +0.26 USD",{}
26/09 01:21,XBTUSD,SKIP,84064.1,"tendance trop faible ou baissière (EMA20 84060.56, EMA50 84255.99); EMA20 qui s'essouffle (-51.80 sur 3 bougies); prix au-dessus de l'EMA rapide; RSI 49 dans la zone 45-70","{""ema_fast"": 84060.5640760069, ""ema_slow"": 84255.99113490958, ""rsi"": 48.93478371164003, ""atr"": 464.4613050976322}"
26/09 01:21,ETHUSD,SKIP,2691.34,"tendance trop faible ou baissière (EMA20 2689.32, EMA50 2690.11); EMA20 qui s'essouffle (-1.20 sur 3 bougies); prix au-dessus de l'EMA rapide; RSI 51 dans la zone 45-70","{""ema_fast"": 2689.318005873067, ""ema_slow"": 2690.113585592644, ""rsi"": 51.38506857079197, ""atr"": 18.962616304945602}"
26/09 01:21,-,EQUITY,50.46224755154993,capital simulé 50.46 USD dont 0.00 USD de cash,{}
26/09 01:41,SOLUSD,HOLD,121.97,"position gardée : stop 117.60, objectif 127.54, latent +0.23 USD",{}
26/09 01:41,XBTUSD,SKIP,84064.1,"tendance trop faible ou baissière (EMA20 84060.56, EMA50 84255.99); EMA20 qui s'essouffle (-51.80 sur 3 bougies); prix au-dessus de l'EMA rapide; RSI 49 dans la zone 45-70","{""ema_fast"": 84060.5640760069, ""ema_slow"": 84255.99113490958, ""rsi"": 48.93478371164003, ""atr"": 464.4613050976322}"
26/09 01:41,ETHUSD,SKIP,2691.34,"tendance trop faible ou baissière (EMA20 2689.32, EMA50 2690.11); EMA20 qui s'essouffle (-1.20 sur 3 bougies); prix au-dessus de l'EMA rapide; RSI 51 dans la zone 45-70","{""ema_fast"": 2689.318005873067, ""ema_slow"": 2690.113585592644, ""rsi"": 51.38506857079197, ""atr"": 18.962616304945602}"
26/09 01:41,-,EQUITY,50.43330329287565,capital simulé 50.43 USD dont 0.00 USD de cash,{}
26/09 03:24,SOLUSD,HOLD,121.75,"position gardée : stop 117.60, objectif 127.54, latent +0.14 USD",{}
26/09 03:24,XBTUSD,SKIP,83896.5,"tendance trop faible ou baissière (EMA20 84047.52, EMA50 84235.66); EMA20 qui s'essouffle (-12.67 sur 3 bougies); prix sous l'EMA rapide; RSI 45 dans la zone 45-70","{""ema_fast"": 84047.51843863603, ""ema_slow"": 84235.65809877656, ""rsi"": 45.26298078471859, ""atr"": 431.57224776275365}"
26/09 03:24,ETHUSD,SKIP,2686.72,"tendance trop faible ou baissière (EMA20 2689.25, EMA50 2690.03); EMA20 encore montante (+0.14 sur 3 bougies); prix sous l'EMA rapide; RSI 49 dans la zone 45-70","{""ema_fast"": 2689.245669206751, ""ema_slow"": 2690.027089199513, ""rsi"": 48.629677293768545, ""atr"": 17.551031405794927}"
26/09 03:24,-,EQUITY,50.3423356227565,capital simulé 50.34 USD dont 0.00 USD de cash,{}
26/09 04:24,SOLUSD,HOLD,121.9,"position gardée : stop 117.60, objectif 127.54, latent +0.20 USD",{}
26/09 04:24,XBTUSD,SKIP,84066.8,"tendance trop faible ou baissière (EMA20 84049.35, EMA50 84229.04); EMA20 qui s'essouffle (-11.21 sur 3 bougies); prix au-dessus de l'EMA rapide; RSI 49 dans la zone 45-70","{""ema_fast"": 84049.35477781355, ""ema_slow"": 84229.03621255, ""rsi"": 49.39766104463912, ""atr"": 413.32423006541455}"
26/09 04:24,ETHUSD,SKIP,2692.23,"tendance trop faible ou baissière (EMA20 2689.53, EMA50 2690.11); EMA20 encore montante (+0.21 sur 3 bougies); prix au-dessus de l'EMA rapide; RSI 52 dans la zone 45-70","{""ema_fast"": 2689.52989118706, ""ema_slow"": 2690.1134778583555, ""rsi"": 51.93885843544461, ""atr"": 16.910243448238173}"
26/09 04:24,-,EQUITY,50.40435903420138,capital simulé 50.40 USD dont 0.00 USD de cash,{}
26/09 05:28,SOLUSD,HOLD,120.98,"position gardée : stop 117.60, objectif 127.54, latent -0.18 USD",{}
26/09 05:28,XBTUSD,SKIP,84001.4,"tendance trop faible ou baissière (EMA20 84044.79, EMA50 84220.11); EMA20 qui s'essouffle (-18.63 sur 3 bougies); prix sous l'EMA rapide; RSI 48 dans la zone 45-70","{""ema_fast"": 84044.78765611703, ""ema_slow"": 84220.10930225394, ""rsi"": 47.90123492269136, ""atr"": 393.9653564893137}"
26/09 05:28,ETHUSD,SKIP,2690.3,"tendance trop faible ou baissière (EMA20 2689.60, EMA50 2690.12); EMA20 encore montante (+0.09 sur 3 bougies); prix au-dessus de l'EMA rapide; RSI 51 dans la zone 45-70","{""ema_fast"": 2689.6032348835306, ""ema_slow"": 2690.1207924521427, ""rsi"": 50.70670710960033, ""atr"": 16.19594034479258}"
26/09 05:28,-,EQUITY,50.02394877733948,capital simulé 50.02 USD dont 0.00 USD de cash,{}
26/09 06:30,SOLUSD,HOLD,120.35,"position gardée : stop 117.60, objectif 127.54, latent -0.44 USD",{}
26/09 06:30,XBTUSD,SKIP,83935.5,"tendance trop faible ou baissière (EMA20 84034.38, EMA50 84208.95); EMA20 qui s'essouffle (-13.14 sur 3 bougies); prix sous l'EMA rapide; RSI 46 dans la zone 45-70","{""ema_fast"": 84034.37930791541, ""ema_slow"": 84208.94815314593, ""rsi"": 46.37668739126869, ""atr"": 375.4249738829338}"
26/09 06:30,ETHUSD,SKIP,2687.45,"tendance trop faible ou baissière (EMA20 2689.40, EMA50 2690.02); EMA20 encore montante (+0.15 sur 3 bougies); prix sous l'EMA rapide; RSI 49 dans la zone 45-70","{""ema_fast"": 2689.398164894623, ""ema_slow"": 2690.0160554932345, ""rsi"": 48.86327783559076, ""atr"": 15.421230320164565}"
26/09 06:30,-,EQUITY,49.763450449271005,capital simulé 49.76 USD dont 0.00 USD de cash,{}
26/09 07:33,SOLUSD,HOLD,120.33,"position gardée : stop 117.60, objectif 127.54, latent -0.44 USD",{}
26/09 07:33,XBTUSD,SKIP,83969.4,"tendance trop faible ou baissière (EMA20 84028.19, EMA50 84199.55); EMA20 qui s'essouffle (-21.16 sur 3 bougies); prix sous l'EMA rapide; RSI 47 dans la zone 45-70","{""ema_fast"": 84028.19080239967, ""ema_slow"": 84199.55410792459, ""rsi"": 47.305774116485175, ""atr"": 362.48033289129546}"
26/09 07:33,ETHUSD,SKIP,2689.24,"tendance trop faible ou baissière (EMA20 2689.38, EMA50 2689.99); EMA20 qui s'essouffle (-0.15 sur 3 bougies); prix sous l'EMA rapide; RSI 50 dans la zone 45-70","{""ema_fast"": 2689.3831015713254, ""ema_slow"": 2689.9856219444837, ""rsi"": 50.09053848688078, ""atr"": 14.768999583009949}"
26/09 07:33,-,EQUITY,49.755180661078356,capital simulé 49.76 USD dont 0.00 USD de cash,{}
26/09 08:35,SOLUSD,HOLD,120.29,"position gardée : stop 117.60, objectif 127.54, latent -0.46 USD",{}
26/09 08:35,XBTUSD,SKIP,83914.2,"tendance trop faible ou baissière (EMA20 84017.33, EMA50 84188.36); EMA20 qui s'essouffle (-27.45 sur 3 bougies); prix sous l'EMA rapide; RSI 46 dans la zone 45-70","{""ema_fast"": 84017.33453550446, ""ema_slow"": 84188.36375075103, ""rsi"": 45.91087671663329, ""atr"": 344.417451970489}"
26/09 08:35,ETHUSD,SKIP,2685.98,"tendance trop faible ou baissière (EMA20 2689.06, EMA50 2689.83); EMA20 qui s'essouffle (-0.54 sur 3 bougies); prix sous l'EMA rapide; RSI 48 dans la zone 45-70","{""ema_fast"": 2689.0589966597704, ""ema_slow"": 2689.828538730973, ""rsi"": 47.83872323583351, ""atr"": 14.074071041366379}"
26/09 08:35,-,EQUITY,49.73864108469306,capital simulé 49.74 USD dont 0.00 USD de cash,{}
26/09 09:37,SOLUSD,HOLD,120.52,"position gardée : stop 117.60, objectif 127.54, latent -0.37 USD",{}
26/09 09:37,XBTUSD,SKIP,83883.1,"tendance trop faible ou baissière (EMA20 84004.55, EMA50 84176.39); EMA20 qui s'essouffle (-29.83 sur 3 bougies); prix sous l'EMA rapide; RSI 45 dans la zone 45-70","{""ema_fast"": 84004.55029402785, ""ema_slow"": 84176.39262327069, ""rsi"": 45.10392337127341, ""atr"": 325.90906254402574}"
26/09 09:37,ETHUSD,SKIP,2685.21,"tendance trop faible ou baissière (EMA20 2688.69, EMA50 2689.65); EMA20 qui s'essouffle (-0.71 sur 3 bougies); prix sous l'EMA rapide; RSI 47 dans la zone 45-70","{""ema_fast"": 2688.6924255493163, ""ema_slow"": 2689.6474195650553, ""rsi"": 47.29787367526692, ""atr"": 13.333780252697354}"
26/09 09:37,-,EQUITY,49.83374364890852,capital simulé 49.83 USD dont 0.00 USD de cash,{}
26/09 09:53,SOLUSD,HOLD,120.64,"position gardée : stop 117.60, objectif 127.54, latent -0.32 USD",{}
26/09 09:53,XBTUSD,SKIP,83883.1,"tendance trop faible ou baissière (EMA20 84004.55, EMA50 84176.39); EMA20 qui s'essouffle (-29.83 sur 3 bougies); prix sous l'EMA rapide; RSI 45 dans la zone 45-70","{""ema_fast"": 84004.55029402785, ""ema_slow"": 84176.39262327069, ""rsi"": 45.10392337127341, ""atr"": 325.90906254402574}"
26/09 09:53,ETHUSD,SKIP,2685.21,"tendance trop faible ou baissière (EMA20 2688.69, EMA50 2689.65); EMA20 qui s'essouffle (-0.71 sur 3 bougies); prix sous l'EMA rapide; RSI 47 dans la zone 45-70","{""ema_fast"": 2688.6924255493163, ""ema_slow"": 2689.6474195650553, ""rsi"": 47.29787367526692, ""atr"": 13.333780252697354}"
26/09 09:53,-,EQUITY,49.883362378064426,capital simulé 49.88 USD dont 0.00 USD de cash,{}
26/09 10:38,SOLUSD,HOLD,121.19,"position gardée : stop 117.60, objectif 127.54, latent -0.09 USD",{}
26/09 10:38,XBTUSD,SKIP,84100.6,"tendance trop faible ou baissière (EMA20 84013.70, EMA50 84173.42); EMA20 qui s'essouffle (-14.49 sur 3 bougies); prix au-dessus de l'EMA rapide; RSI 52 dans la zone 45-70","{""ema_fast"": 84013.69788507282, ""ema_slow"": 84173.42036353481, ""rsi"": 51.521428311851956, ""atr"": 319.18698664802304}"
26/09 10:38,ETHUSD,SKIP,2690.48,"tendance trop faible ou baissière (EMA20 2688.86, EMA50 2689.68); EMA20 qui s'essouffle (-0.52 sur 3 bougies); prix au-dessus de l'EMA rapide; RSI 51 dans la zone 45-70","{""ema_fast"": 2688.862670735096, ""ema_slow"": 2689.6800697782005, ""rsi"": 51.35173450250199, ""atr"": 12.809224520361813}"
26/09 10:38,-,EQUITY,50.1107815533623,capital simulé 50.11 USD dont 0.00 USD de cash,{}
26/09 11:40,SOLUSD,HOLD,119.92,"position gardée : stop 117.60, objectif 127.54, latent -0.61 USD",{}
26/09 11:40,XBTUSD,SKIP,84195.2,"tendance trop faible ou baissière (EMA20 84030.98, EMA50 84174.27); EMA20 encore montante (+13.65 sur 3 bougies); prix au-dessus de l'EMA rapide; RSI 54 dans la zone 45-70","{""ema_fast"": 84030.98380078017, ""ema_slow"": 84174.27446692564, ""rsi"": 54.03817072707226, ""atr"": 317.93077331602075}"
26/09 11:40,ETHUSD,SKIP,2690.18,"tendance trop faible ou baissière (EMA20 2688.99, EMA50 2689.70); EMA20 qui s'essouffle (-0.07 sur 3 bougies); prix au-dessus de l'EMA rapide; RSI 51 dans la zone 45-70","{""ema_fast"": 2688.988130665087, ""ema_slow"": 2689.6996748849388, ""rsi"": 51.11071732494707, ""atr"": 12.640708483193132}"
26/09 11:40,-,EQUITY,49.58565000312903,capital simulé 49.59 USD dont 0.00 USD de cash,{}
26/09 12:42,SOLUSD,HOLD,120.52,"position gardée : stop 117.60, objectif 127.54, latent -0.37 USD",{}
26/09 12:42,XBTUSD,SKIP,84002.4,"tendance trop faible ou baissière (EMA20 84028.26, EMA50 84167.53); EMA20 encore montante (+23.71 sur 3 bougies); prix sous l'EMA rapide; RSI 49 dans la zone 45-70","{""ema_fast"": 84028.26153403921, ""ema_slow"": 84167.53429175199, ""rsi"": 48.51069292392982, ""atr"": 313.5357180791628}"
26/09 12:42,ETHUSD,SKIP,2681.78,"tendance trop faible ou baissière (EMA20 2688.30, EMA50 2689.39); EMA20 qui s'essouffle (-0.39 sur 3 bougies); prix sous l'EMA rapide; RSI 45 hors zone 45-70","{""ema_fast"": 2688.3016420303165, ""ema_slow"": 2689.3890993992454, ""rsi"": 44.77403636982669, ""atr"": 12.55208644867931}"
26/09 12:42,-,EQUITY,49.83374364890852,capital simulé 49.83 USD dont 0.00 USD de cash,{}
26/09 13:44,SOLUSD,HOLD,121.14,"position gardée : stop 117.60, objectif 127.54, latent -0.11 USD",{}
26/09 13:44,XBTUSD,SKIP,84164.7,"tendance trop faible ou baissière (EMA20 84041.26, EMA50 84167.42); EMA20 encore montante (+27.56 sur 3 bougies); prix au-dessus de l'EMA rapide; RSI 53 dans la zone 45-70","{""ema_fast"": 84041.25567365452, ""ema_slow"": 84167.42314305577, ""rsi"": 52.88014045852888, ""atr"": 303.18316678779445}"
26/09 13:44,ETHUSD,SKIP,2686.73,"tendance trop faible ou baissière (EMA20 2688.15, EMA50 2689.28); EMA20 qui s'essouffle (-0.71 sur 3 bougies); prix sous l'EMA rapide; RSI 49 dans la zone 45-70","{""ema_fast"": 2688.151961836953, ""ema_slow"": 2689.284820991432, ""rsi"": 48.80224004420203, ""atr"": 12.214794559487926}"
26/09 13:44,-,EQUITY,50.09010708288068,capital simulé 50.09 USD dont 0.00 USD de cash,{}
26/09 14:32,SOLUSD,HOLD,121.17,"position gardée : stop 117.60, objectif 127.54, latent -0.10 USD",{}
26/09 14:32,XBTUSD,SKIP,84164.6,"tendance trop faible ou baissière (EMA20 84053.00, EMA50 84167.31); EMA20 encore montante (+22.02 sur 3 bougies); prix au-dessus de l'EMA rapide; RSI 53 dans la zone 45-70","{""ema_fast"": 84053.00275235409, ""ema_slow"": 84167.31243156332, ""rsi"": 52.8771630132305, ""atr"": 286.83436916009504}"
26/09 14:32,ETHUSD,SKIP,2688.99,"tendance trop faible ou baissière (EMA20 2688.23, EMA50 2689.27); EMA20 qui s'essouffle (-0.76 sur 3 bougies); prix au-dessus de l'EMA rapide; RSI 51 dans la zone 45-70","{""ema_fast"": 2688.231774995338, ""ema_slow"": 2689.273259383922, ""rsi"": 50.57481396325366, ""atr"": 11.728023519524509}"
26/09 14:32,-,EQUITY,50.10251176516965,capital simulé 50.10 USD dont 0.00 USD de cash,{}
26/09 15:47,SOLUSD,HOLD,120.63,"position gardée : stop 117.60, objectif 127.54, latent -0.32 USD",{}
26/09 15:47,XBTUSD,SKIP,84046.2,"tendance trop faible ou baissière (EMA20 84052.35, EMA50 84162.56); EMA20 encore montante (+24.09 sur 3 bougies); prix sous l'EMA rapide; RSI 49 dans la zone 45-70","{""ema_fast"": 84052.35487117751, ""ema_slow"": 84162.56292444331, ""rsi"": 49.3351965873552, ""atr"": 277.53191422008865}"
26/09 15:47,ETHUSD,SKIP,2688.25,"tendance trop faible ou baissière (EMA20 2688.23, EMA50 2689.23); EMA20 qui s'essouffle (-0.07 sur 3 bougies); prix au-dessus de l'EMA rapide; RSI 50 dans la zone 45-70","{""ema_fast"": 2688.233510710068, ""ema_slow"": 2689.233131564946, ""rsi"": 49.9648197929082, ""atr"": 11.299593268129902}"
26/09 15:47,-,EQUITY,49.8792274839681,capital simulé 49.88 USD dont 0.00 USD de cash,{}
26/09 16:50,SOLUSD,HOLD,120.89,"position gardée : stop 117.60, objectif 127.54, latent -0.21 USD",{}
26/09 16:50,XBTUSD,SKIP,83935.3,"tendance trop faible ou baissière (EMA20 84041.21, EMA50 84153.65); EMA20 qui s'essouffle (-0.05 sur 3 bougies); prix sous l'EMA rapide; RSI 46 dans la zone 45-70","{""ema_fast"": 84041.20678820822, ""ema_slow"": 84153.65065289667, ""rsi"": 46.21269870742964, ""atr"": 276.95106320436764}"
26/09 16:50,ETHUSD,SKIP,2686.59,"tendance trop faible ou baissière (EMA20 2688.08, EMA50 2689.13); EMA20 qui s'essouffle (-0.07 sur 3 bougies); prix sous l'EMA rapide; RSI 49 dans la zone 45-70","{""ema_fast"": 2688.0769858805374, ""ema_slow"": 2689.1294793467187, ""rsi"": 48.55018817753989, ""atr"": 11.179622320406363}"
26/09 16:50,-,EQUITY,49.986734730472556,capital simulé 49.99 USD dont 0.00 USD de cash,{}
26/09 17:53,SOLUSD,HOLD,121.79,"position gardée : stop 117.60, objectif 127.54, latent +0.16 USD",{}
26/09 17:53,XBTUSD,SKIP,84011.2,"tendance trop faible ou baissière (EMA20 84038.35, EMA50 84148.06); EMA20 qui s'essouffle (-14.65 sur 3 bougies); prix sous l'EMA rapide; RSI 49 dans la zone 45-70","{""ema_fast"": 84038.34899885506, ""ema_slow"": 84148.06435278316, ""rsi"": 48.60997996082019, ""atr"": 266.9759872611987}"
26/09 17:53,ETHUSD,SKIP,2688.45,"tendance trop faible ou baissière (EMA20 2688.11, EMA50 2689.10); EMA20 qui s'essouffle (-0.12 sur 3 bougies); prix au-dessus de l'EMA rapide; RSI 50 dans la zone 45-70","{""ema_fast"": 2688.1125110347716, ""ema_slow"": 2689.1028330978297, ""rsi"": 50.2498516992955, ""atr"": 10.66250644037734}"
26/09 17:53,-,EQUITY,50.3588751991418,capital simulé 50.36 USD dont 0.00 USD de cash,{}
26/09 18:49,SOLUSD,HOLD,121.46,"position gardée : stop 117.60, objectif 127.54, latent +0.02 USD",{}
26/09 18:49,XBTUSD,SKIP,84142.9,"tendance trop faible ou baissière (EMA20 84048.31, EMA50 84147.86); EMA20 qui s'essouffle (-4.05 sur 3 bougies); prix au-dessus de l'EMA rapide; RSI 53 dans la zone 45-70","{""ema_fast"": 84048.30623705934, ""ema_slow"": 84147.86182914462, ""rsi"": 52.560951377519295, ""atr"": 260.82770245682696}"
26/09 18:49,ETHUSD,SKIP,2692.44,"tendance trop faible ou baissière (EMA20 2688.52, EMA50 2689.23); EMA20 encore montante (+0.29 sur 3 bougies); prix au-dessus de l'EMA rapide; RSI 54 dans la zone 45-70","{""ema_fast"": 2688.524652840984, ""ema_slow"": 2689.233702388111, ""rsi"": 53.77743923864872, ""atr"": 10.4380416946361}"
26/09 18:49,-,EQUITY,50.22242369396307,capital simulé 50.22 USD dont 0.00 USD de cash,{}
26/09 19:59,SOLUSD,HOLD,121.45,"position gardée : stop 117.60, objectif 127.54, latent +0.02 USD",{}
26/09 19:59,XBTUSD,SKIP,84103.6,"tendance trop faible ou baissière (EMA20 84053.57, EMA50 84146.13); EMA20 encore montante (+12.37 sur 3 bougies); prix au-dessus de l'EMA rapide; RSI 51 dans la zone 45-70","{""ema_fast"": 84053.57230972036, ""ema_slow"": 84146.12607113896, ""rsi"": 51.29364926902173, ""atr"": 247.02572370991012}"
26/09 19:59,ETHUSD,SKIP,2691.17,"tendance trop faible ou baissière (EMA20 2688.78, EMA50 2689.31); EMA20 encore montante (+0.70 sur 3 bougies); prix au-dessus de l'EMA rapide; RSI 53 dans la zone 45-70","{""ema_fast"": 2688.7765906656523, ""ema_slow"": 2689.3096356277915, ""rsi"": 52.50138340876489, ""atr"": 10.036038716447836}"
26/09 19:59,-,EQUITY,50.218288799866755,capital simulé 50.22 USD dont 0.00 USD de cash,{}
26/09 21:29,SOLUSD,HOLD,121.19,"position gardée : stop 117.60, objectif 127.54, latent -0.09 USD",{}
26/09 21:29,XBTUSD,SKIP,83993.1,"tendance trop faible ou baissière (EMA20 84054.04, EMA50 84139.36); EMA20 encore montante (+5.73 sur 3 bougies); prix sous l'EMA rapide; RSI 48 dans la zone 45-70","{""ema_fast"": 84054.03674333118, ""ema_slow"": 84139.35920676828, ""rsi"": 47.571001153139186, ""atr"": 232.7538127906876}"
26/09 21:29,ETHUSD,SKIP,2684.42,"tendance trop faible ou baissière (EMA20 2688.50, EMA50 2689.16); EMA20 qui s'essouffle (-0.03 sur 3 bougies); prix sous l'EMA rapide; RSI 46 dans la zone 45-70","{""ema_fast"": 2688.4963928124725, ""ema_slow"": 2689.1567070904703, ""rsi"": 45.8535429820211, ""atr"": 9.523115015712673}"
26/09 21:29,-,EQUITY,50.1107815533623,capital simulé 50.11 USD dont 0.00 USD de cash,{}
26/09 23:05,SOLUSD,HOLD,120.72,"position gardée : stop 117.60, objectif 127.54, latent -0.28 USD",{}
26/09 23:05,XBTUSD,SKIP,84014.4,"tendance trop faible ou baissière (EMA20 84046.29, EMA50 84129.51); EMA20 qui s'essouffle (-14.16 sur 3 bougies); prix sous l'EMA rapide; RSI 48 dans la zone 45-70","{""ema_fast"": 84046.28631370194, ""ema_slow"": 84129.50574988496, ""rsi"": 48.34894488057952, ""atr"": 225.1438487838072}"
26/09 23:05,ETHUSD,SKIP,2676.31,"tendance trop faible ou baissière (EMA20 2686.95, EMA50 2688.46); EMA20 qui s'essouffle (-1.98 sur 3 bougies); prix sous l'EMA rapide; RSI 39 hors zone 45-70","{""ema_fast"": 2686.9492013725685, ""ema_slow"": 2688.4589979716357, ""rsi"": 38.94605760069047, ""atr"": 10.060287947221658}"
26/09 23:05,-,EQUITY,49.91644153083503,capital simulé 49.92 USD dont 0.00 USD de cash,{}
27/09 00:06,SOLUSD,HOLD,121.67,"position gardée : stop 117.60, objectif 127.54, latent +0.11 USD",{}
27/09 00:06,XBTUSD,SKIP,84140.2,"tendance trop faible ou baissière (EMA20 84055.23, EMA50 84129.93); EMA20 encore montante (+1.19 sur 3 bougies); prix au-dessus de l'EMA rapide; RSI 53 dans la zone 45-70","{""ema_fast"": 84055.23047430176, ""ema_slow"": 84129.92513224248, ""rsi"": 53.01479964302161, ""atr"": 225.35500244210604}"
27/09 00:06,ETHUSD,SKIP,2685.7,"tendance trop faible ou baissière (EMA20 2686.83, EMA50 2688.35); EMA20 qui s'essouffle (-1.67 sur 3 bougies); prix sous l'EMA rapide; RSI 49 dans la zone 45-70","{""ema_fast"": 2686.830229813276, ""ema_slow"": 2688.350801972752, ""rsi"": 48.63009322034902, ""atr"": 10.649553093848679}"
27/09 00:06,-,EQUITY,50.309256469985904,capital simulé 50.31 USD dont 0.00 USD de cash,{}
27/09 01:09,SOLUSD,HOLD,121.42,"position gardée : stop 117.60, objectif 127.54, latent +0.01 USD",{}
27/09 01:09,XBTUSD,SKIP,84264.4,"tendance trop faible ou baissière (EMA20 84075.15, EMA50 84135.20); EMA20 encore montante (+25.51 sur 3 bougies); prix au-dessus de l'EMA rapide; RSI 57 dans la zone 45-70","{""ema_fast"": 84075.15138151111, ""ema_slow"": 84135.19865646827, ""rsi"": 57.132076780309966, ""atr"": 227.9510736962411}"
27/09 01:09,ETHUSD,SKIP,2688.41,"tendance trop faible ou baissière (EMA20 2686.98, EMA50 2688.35); EMA20 qui s'essouffle (-1.09 sur 3 bougies); prix au-dessus de l'EMA rapide; RSI 51 dans la zone 45-70","{""ema_fast"": 2686.980684116774, ""ema_slow"": 2688.353123464015, ""rsi"": 51.04355762530944, ""atr"": 10.503156444288052}"
27/09 01:09,-,EQUITY,50.205884117577774,capital simulé 50.21 USD dont 0.00 USD de cash,{}
27/09 02:43,SOLUSD,HOLD,121.01,"position gardée : stop 117.60, objectif 127.54, latent -0.16 USD",{}
27/09 02:43,XBTUSD,SKIP,84426.7,"tendance trop faible ou baissière (EMA20 84108.63, EMA50 84146.63); EMA20 encore montante (+62.35 sur 3 bougies); prix au-dessus de l'EMA rapide; RSI 62 dans la zone 45-70","{""ema_fast"": 84108.63220231958, ""ema_slow"": 84146.63008170489, ""rsi"": 61.83816316931629, ""atr"": 225.01885414651022}"
27/09 02:43,ETHUSD,SKIP,2695.35,"tendance trop faible ou baissière (EMA20 2687.78, EMA50 2688.63); EMA20 encore montante (+0.83 sur 3 bougies); prix au-dessus de l'EMA rapide; RSI 57 dans la zone 45-70","{""ema_fast"": 2687.777761819938, ""ema_slow"": 2688.627510779154, ""rsi"": 56.65925110388811, ""atr"": 10.321502412553192}"
27/09 02:43,-,EQUITY,50.03635345962845,capital simulé 50.04 USD dont 0.00 USD de cash,{}
27/09 04:15,SOLUSD,HOLD,121.5,"position gardée : stop 117.60, objectif 127.54, latent +0.04 USD",{}
27/09 04:15,XBTUSD,SKIP,84475.1,"tendance trop faible ou baissière (EMA20 84159.30, EMA50 84164.97); EMA20 encore montante (+84.15 sur 3 bougies); prix au-dessus de l'EMA rapide; RSI 61 dans la zone 45-70","{""ema_fast"": 84159.29983001671, ""ema_slow"": 84164.97340491081, ""rsi"": 61.36149135376882, ""atr"": 227.51013444265422}"
27/09 04:15,ETHUSD,SKIP,2701.03,"tendance trop faible ou baissière (EMA20 2689.48, EMA50 2689.28); EMA20 encore montante (+2.50 sur 3 bougies); prix au-dessus de l'EMA rapide; RSI 60 dans la zone 45-70","{""ema_fast"": 2689.482113417228, ""ema_slow"": 2689.2752377473007, ""rsi"": 60.23308334452535, ""atr"": 10.367724018987206}"
27/09 04:15,-,EQUITY,50.23896327034838,capital simulé 50.24 USD dont 0.00 USD de cash,{}
27/09 05:17,SOLUSD,HOLD,121.02,"position gardée : stop 117.60, objectif 127.54, latent -0.16 USD",{}
27/09 05:17,XBTUSD,SKIP,84437.5,"tendance trop faible ou baissière (EMA20 84185.80, EMA50 84175.66); EMA20 encore montante (+77.16 sur 3 bougies); prix au-dessus de l'EMA rapide; RSI 60 dans la zone 45-70","{""ema_fast"": 84185.79508430084, ""ema_slow"": 84175.66072236524, ""rsi"": 59.83169511111168, ""atr"": 218.45226769675014}"
27/09 05:17,ETHUSD,SKIP,2697.53,"tendance trop faible ou baissière (EMA20 2690.25, EMA50 2689.60); EMA20 encore montante (+2.47 sur 3 bougies); prix au-dessus de l'EMA rapide; RSI 57 dans la zone 45-70","{""ema_fast"": 2690.2485788060635, ""ema_slow"": 2689.598953914073, ""rsi"": 56.80990110583912, ""atr"": 10.254315160488101}"
27/09 05:17,-,EQUITY,50.040488353724776,capital simulé 50.04 USD dont 0.00 USD de cash,{}
27/09 07:20,SOLUSD,HOLD,120.62,"position gardée : stop 117.60, objectif 127.54, latent -0.32 USD",{}
27/09 07:20,XBTUSD,SKIP,84317.4,"tendance trop faible ou baissière (EMA20 84215.06, EMA50 84188.92); EMA20 encore montante (+55.76 sur 3 bougies); prix au-dessus de l'EMA rapide; RSI 55 dans la zone 45-70","{""ema_fast"": 84215.06309621905, ""ema_slow"": 84188.91818315985, ""rsi"": 54.931929497394684, ""atr"": 212.01904714668657}"
27/09 07:20,ETHUSD,SKIP,2691.64,"tendance trop faible ou baissière (EMA20 2690.87, EMA50 2689.92); EMA20 encore montante (+1.39 sur 3 bougies); prix au-dessus de l'EMA rapide; RSI 51 dans la zone 45-70","{""ema_fast"": 2690.8732357119934, ""ema_slow"": 2689.9186652624726, ""rsi"": 51.235085441384605, ""atr"": 9.773414602665783}"
27/09 07:20,-,EQUITY,49.87509258987178,capital simulé 49.88 USD dont 0.00 USD de cash,{}
27/09 07:57,SOLUSD,HOLD,121.11,"position gardée : stop 117.60, objectif 127.54, latent -0.12 USD",{}
27/09 07:57,XBTUSD,SKIP,84317.4,"tendance trop faible ou baissière (EMA20 84215.06, EMA50 84188.92); EMA20 encore montante (+55.76 sur 3 bougies); prix au-dessus de l'EMA rapide; RSI 55 dans la zone 45-70","{""ema_fast"": 84215.06309621905, ""ema_slow"": 84188.91818315985, ""rsi"": 54.931929497394684, ""atr"": 212.01904714668657}"
27/09 07:57,ETHUSD,SKIP,2691.64,"tendance trop faible ou baissière (EMA20 2690.87, EMA50 2689.92); EMA20 encore montante (+1.39 sur 3 bougies); prix au-dessus de l'EMA rapide; RSI 51 dans la zone 45-70","{""ema_fast"": 2690.8732357119934, ""ema_slow"": 2689.9186652624726, ""rsi"": 51.235085441384605, ""atr"": 9.773414602665783}"
27/09 07:57,-,EQUITY,50.077702400591704,capital simulé 50.08 USD dont 0.00 USD de cash,{}
27/09 09:23,SOLUSD,HOLD,121.48,"position gardée : stop 117.60, objectif 127.54, latent +0.03 USD",{}
27/09 09:23,XBTUSD,SKIP,84505.3,"tendance trop faible ou baissière (EMA20 84264.78, EMA50 84211.96); EMA20 encore montante (+60.48 sur 3 bougies); prix au-dessus de l'EMA rapide; RSI 61 dans la zone 45-70","{""ema_fast"": 84264.77545971672, ""ema_slow"": 84211.96107565044, ""rsi"": 60.63438681138343, ""atr"": 214.63428044790814}"
27/09 09:23,ETHUSD,SKIP,2706.45,"tendance trop faible ou baissière (EMA20 2693.53, EMA50 2691.12); EMA20 encore montante (+2.74 sur 3 bougies); prix au-dessus de l'EMA rapide; RSI 62 dans la zone 45-70","{""ema_fast"": 2693.5283403447384, ""ema_slow"": 2691.1152154153006, ""rsi"": 61.71298918727137, ""atr"": 10.170597284951617}"
27/09 09:23,-,EQUITY,50.23069348215573,capital simulé 50.23 USD dont 0.00 USD de cash,{}
27/09 09:55,SOLUSD,SECURE,124.33,+2.0 ATR atteint → stop remonté à 121.53 (position sans risque de perte),"{""position"": 2}"
27/09 11:28,SOLUSD,HOLD,123.82,"position gardée : stop 121.53, objectif 127.54, latent +0.99 USD",{}
27/09 11:28,XBTUSD,SKIP,84729.64499999999,"signal valide mais plus assez de cash (0.00 USD), déjà investi dans les positions ouvertes",{}
27/09 11:28,ETHUSD,SKIP,2711.29859,"signal valide mais plus assez de cash (0.00 USD), déjà investi dans les positions ouvertes",{}
27/09 11:28,-,EQUITY,51.19825870069577,capital simulé 51.20 USD dont 0.00 USD de cash,{}
27/09 13:12,SOLUSD,HOLD,124.06,"position gardée : stop 121.53, objectif 127.54, latent +1.09 USD",{}
27/09 13:12,XBTUSD,SKIP,84985.70079999999,"signal valide mais plus assez de cash (0.00 USD), déjà investi dans les positions ouvertes",{}
27/09 13:12,ETHUSD,SKIP,2712.8501399999996,"signal valide mais plus assez de cash (0.00 USD), déjà investi dans les positions ouvertes",{}
27/09 13:12,-,EQUITY,51.297496159007565,capital simulé 51.30 USD dont 0.00 USD de cash,{}
27/09 14:35,SOLUSD,HOLD,124.11,"position gardée : stop 121.53, objectif 127.54, latent +1.11 USD",{}
27/09 14:35,XBTUSD,SKIP,85057.67269999998,"signal valide mais plus assez de cash (0.00 USD), déjà investi dans les positions ouvertes",{}
27/09 14:35,ETHUSD,SKIP,2717.0643499999996,"signal valide mais plus assez de cash (0.00 USD), déjà investi dans les positions ouvertes",{}
27/09 14:35,-,EQUITY,51.318170629489195,capital simulé 51.32 USD dont 0.00 USD de cash,{}
27/09 16:40,SOLUSD,STOP_SECURISE,121.40771212851404,"stop touché → vente à 121.41, résultat +0.00 USD","{""position"": 2, ""pnl"": 0.0}"
27/09 17:42,XBTUSD,SKIP,84517.7,tendance nette (EMA20 84564.36 > EMA50 84376.82 de 0.1%+); EMA20 encore montante (+69.03 sur 3 bougies); prix sous l'EMA rapide; RSI 51 dans la zone 45-70,"{""ema_fast"": 84564.35692819621, ""ema_slow"": 84376.82235181639, ""rsi"": 50.799252268016716, ""atr"": 274.8235242075724}"
27/09 17:42,ETHUSD,SKIP,2687.98,tendance nette (EMA20 2701.04 > EMA50 2695.78 de 0.1%+); EMA20 qui s'essouffle (-0.09 sur 3 bougies); prix sous l'EMA rapide; RSI 42 hors zone 45-70,"{""ema_fast"": 2701.0361842682046, ""ema_slow"": 2695.7827529500464, ""rsi"": 42.114545668243885, ""atr"": 11.590618674728947}"
27/09 17:42,SOLUSD,SKIP,121.68,tendance nette (EMA20 122.31 > EMA50 121.12 de 0.1%+); EMA20 encore montante (+0.13 sur 3 bougies); prix sous l'EMA rapide; RSI 48 dans la zone 45-70,"{""ema_fast"": 122.31396744328046, ""ema_slow"": 121.11839286279809, ""rsi"": 47.74951968096229, ""atr"": 1.0827782517344324}"
27/09 17:42,-,EQUITY,50.0,capital simulé 50.00 USD dont 50.00 USD de cash,{}
27/09 18:54,XBTUSD,SKIP,84450.1,tendance nette (EMA20 84553.48 > EMA50 84379.70 de 0.1%+); EMA20 encore montante (+31.16 sur 3 bougies); prix sous l'EMA rapide; RSI 49 dans la zone 45-70,"{""ema_fast"": 84553.47531598705, ""ema_slow"": 84379.69598507833, ""rsi"": 48.93127174571011, ""atr"": 275.0432724784597}"
27/09 18:54,ETHUSD,SKIP,2689.3,tendance nette (EMA20 2699.92 > EMA50 2695.53 de 0.1%+); EMA20 qui s'essouffle (-1.77 sur 3 bougies); prix sous l'EMA rapide; RSI 43 hors zone 45-70,"{""ema_fast"": 2699.9184524331376, ""ema_slow"": 2695.528527344153, ""rsi"": 43.17030625219776, ""atr"": 11.574860197962588}"
27/09 18:54,SOLUSD,SKIP,121.75,tendance nette (EMA20 122.26 > EMA50 121.14 de 0.1%+); EMA20 qui s'essouffle (-0.04 sur 3 bougies); prix sous l'EMA rapide; RSI 48 dans la zone 45-70,"{""ema_fast"": 122.26025625820614, ""ema_slow"": 121.14316177013934, ""rsi"": 48.23288237965192, ""atr"": 1.0482940908962584}"
27/09 18:54,-,EQUITY,50.0,capital simulé 50.00 USD dont 50.00 USD de cash,{}
27/09 21:23,XBTUSD,ENTER,84830.8461,"tendance nette (EMA20 84564.08 > EMA50 84403.10 de 0.1%+); EMA20 encore montante (+10.60 sur 3 bougies); prix au-dessus de l'EMA rapide; RSI 58 dans la zone 45-70 → achat de 0.000587 à 84830.85 (50.00 USD frais compris), stop 84287.87, objectif 86188.29","{""qty"": 0.0005870600035515737, ""stop"": 84287.86784224841, ""tp"": 86188.29174437896, ""ema_fast"": 84564.0786731838, ""ema_slow"": 84403.10356008227, ""rsi"": 58.15163038658327, ""atr"": 271.4891288757936}"
27/09 21:23,ETHUSD,SKIP,2697.64,tendance nette (EMA20 2697.83 > EMA50 2695.09 de 0.1%+); EMA20 qui s'essouffle (-2.09 sur 3 bougies); prix sous l'EMA rapide; RSI 50 dans la zone 45-70,"{""ema_fast"": 2697.826166206554, ""ema_slow"": 2695.0863210493108, ""rsi"": 50.37492948176723, ""atr"": 11.10506117161945}"
27/09 21:23,SOLUSD,SKIP,123.30318,"signal valide mais plus assez de cash (0.00 USD), déjà investi dans les positions ouvertes",{}
27/09 21:23,-,EQUITY,49.800796812749006,capital simulé 49.80 USD dont 0.00 USD de cash,{}
27/09 23:46,XBTUSD,HOLD,84610.1,"position gardée : stop 84287.87, objectif 86188.29, latent -0.53 USD",{}
27/09 23:46,ETHUSD,SKIP,2685.67,"tendance trop faible ou baissière (EMA20 2696.07, EMA50 2694.56); EMA20 qui s'essouffle (-1.77 sur 3 bougies); prix sous l'EMA rapide; RSI 43 hors zone 45-70","{""ema_fast"": 2696.0742086180635, ""ema_slow"": 2694.560452456512, ""rsi"": 42.51257133844405, ""atr"": 10.860945602059639}"
27/09 23:46,SOLUSD,SKIP,122.87274999999998,"signal valide mais plus assez de cash (0.00 USD), déjà investi dans les positions ouvertes",{}
27/09 23:46,-,EQUITY,49.671205606499015,capital simulé 49.67 USD dont 0.00 USD de cash,{}
28/09 00:10,XBTUSD,STOP_LOSS,84203.57997440617,"stop touché → vente à 84203.58, résultat -0.77 USD","{""position"": 3, ""pnl"": -0.7651762570052156}"
28/09 00:24,XBTUSD,ENTER,84582.39789999998,"tendance nette (EMA20 84582.07 > EMA50 84429.27 de 0.1%+); EMA20 encore montante (+17.99 sur 3 bougies); prix au-dessus de l'EMA rapide; RSI 54 dans la zone 45-70 → achat de 0.000580 à 84582.40 (49.23 USD frais compris), stop 84052.26, objectif 85907.74","{""qty"": 0.0005797739279596361, ""stop"": 84052.25911272583, ""tp"": 85907.74486818533, ""ema_fast"": 84582.07344988313, ""ema_slow"": 84429.2663103944, ""rsi"": 53.65639496682888, ""atr"": 265.0693936370702}"
28/09 00:24,ETHUSD,SKIP,2683.66,"tendance trop faible ou baissière (EMA20 2694.89, EMA50 2694.13); EMA20 qui s'essouffle (-2.93 sur 3 bougies); prix sous l'EMA rapide; RSI 41 hors zone 45-70","{""ema_fast"": 2694.891903035391, ""ema_slow"": 2694.132983732733, ""rsi"": 41.29833118891537, ""atr"": 11.384449487626812}"
28/09 00:24,SOLUSD,SKIP,122.01189,"signal valide mais plus assez de cash (0.00 USD), déjà investi dans les positions ouvertes",{}
28/09 00:24,-,EQUITY,49.03866906672787,capital simulé 49.04 USD dont 0.00 USD de cash,{}
28/09 02:57,XBTUSD,HOLD,84200.0,"position gardée : stop 84052.26, objectif 85907.74, latent -0.61 USD",{}
28/09 02:57,ETHUSD,SKIP,2688.02,"tendance trop faible ou baissière (EMA20 2692.50, EMA50 2693.16); EMA20 qui s'essouffle (-3.57 sur 3 bougies); prix sous l'EMA rapide; RSI 47 dans la zone 45-70","{""ema_fast"": 2692.5044376321453, ""ema_slow"": 2693.164080715991, ""rsi"": 46.612961342732575, ""atr"": 12.165418180657806}"
28/09 02:57,SOLUSD,SKIP,121.98,tendance nette (EMA20 122.30 > EMA50 121.48 de 0.1%+); EMA20 qui s'essouffle (-0.09 sur 3 bougies); prix sous l'EMA rapide; RSI 49 dans la zone 45-70,"{""ema_fast"": 122.30306246032043, ""ema_slow"": 121.47628531046861, ""rsi"": 48.76703684954607, ""atr"": 1.0343646961336763}"
28/09 02:57,-,EQUITY,48.81696473420137,capital simulé 48.82 USD dont 0.00 USD de cash,{}
28/09 03:00,XBTUSD,STOP_LOSS,83968.20685361311,"stop touché → vente à 83968.21, résultat -0.75 USD","{""position"": 4, ""pnl"": -0.7469769401932567}"
28/09 05:01,XBTUSD,SKIP,83386.6,"tendance trop faible ou baissière (EMA20 84319.37, EMA50 84341.23); EMA20 qui s'essouffle (-214.18 sur 3 bougies); prix sous l'EMA rapide; RSI 32 hors zone 45-70","{""ema_fast"": 84319.36713616588, ""ema_slow"": 84341.23231817878, ""rsi"": 31.939465652842216, ""atr"": 363.8825706396305}"
28/09 05:01,ETHUSD,SKIP,2652.74,"tendance trop faible ou baissière (EMA20 2684.16, EMA50 2689.50); EMA20 qui s'essouffle (-8.34 sur 3 bougies); prix sous l'EMA rapide; RSI 31 hors zone 45-70","{""ema_fast"": 2684.1597384428123, ""ema_slow"": 2689.4960756583464, ""rsi"": 31.331318609076604, ""atr"": 14.603878915052887}"
28/09 05:01,SOLUSD,SKIP,120.02,tendance nette (EMA20 121.90 > EMA50 121.40 de 0.1%+); EMA20 qui s'essouffle (-0.40 sur 3 bougies); prix sous l'EMA rapide; RSI 37 hors zone 45-70,"{""ema_fast"": 121.8989207877484, ""ema_slow"": 121.39730187100979, ""rsi"": 37.439131310057256, ""atr"": 1.1553022002207325}"
28/09 05:01,-,EQUITY,48.48784680280153,capital simulé 48.49 USD dont 48.49 USD de cash,{}
28/09 08:16,XBTUSD,SKIP,83170.3,"tendance trop faible ou baissière (EMA20 84059.63, EMA50 84225.87); EMA20 qui s'essouffle (-259.74 sur 3 bougies); prix sous l'EMA rapide; RSI 31 hors zone 45-70","{""ema_fast"": 84059.62645361858, ""ema_slow"": 84225.86533385662, ""rsi"": 31.35956727349881, ""atr"": 388.4790479939015}"
28/09 08:16,ETHUSD,SKIP,2651.01,"tendance trop faible ou baissière (EMA20 2676.26, EMA50 2685.45); EMA20 qui s'essouffle (-7.90 sur 3 bougies); prix sous l'EMA rapide; RSI 33 hors zone 45-70","{""ema_fast"": 2676.2596183975006, ""ema_slow"": 2685.4502603457854, ""rsi"": 33.123495244696, ""atr"": 15.268626813546344}"
28/09 08:16,SOLUSD,SKIP,119.11,"tendance trop faible ou baissière (EMA20 121.30, EMA50 121.20); EMA20 qui s'essouffle (-0.60 sur 3 bougies); prix sous l'EMA rapide; RSI 34 hors zone 45-70","{""ema_fast"": 121.30260206059457, ""ema_slow"": 121.19562662793662, ""rsi"": 33.51994776751586, ""atr"": 1.2111803694916001}"
28/09 08:16,-,EQUITY,48.48784680280153,capital simulé 48.49 USD dont 48.49 USD de cash,{}
28/09 16:15,XBTUSD,SKIP,83623.6,"tendance trop faible ou baissière (EMA20 83557.60, EMA50 83922.30); EMA20 qui s'essouffle (-43.42 sur 3 bougies); prix au-dessus de l'EMA rapide; RSI 49 dans la zone 45-70","{""ema_fast"": 83557.59754473552, ""ema_slow"": 83922.30458926139, ""rsi"": 48.708370702063824, ""atr"": 390.74920348742523}"
28/09 16:15,ETHUSD,SKIP,2689.94,"tendance trop faible ou baissière (EMA20 2669.80, EMA50 2679.08); EMA20 encore montante (+4.79 sur 3 bougies); prix au-dessus de l'EMA rapide; RSI 58 dans la zone 45-70","{""ema_fast"": 2669.796165405114, ""ema_slow"": 2679.082868337791, ""rsi"": 58.27455995090974, ""atr"": 16.048139422497567}"
28/09 16:15,SOLUSD,SKIP,119.81,"tendance trop faible ou baissière (EMA20 119.94, EMA50 120.53); EMA20 qui s'essouffle (-0.15 sur 3 bougies); prix sous l'EMA rapide; RSI 47 dans la zone 45-70","{""ema_fast"": 119.94221300214998, ""ema_slow"": 120.52684972627529, ""rsi"": 46.91694158095835, ""atr"": 1.1486671504876835}"
28/09 16:15,-,EQUITY,48.48784680280153,capital simulé 48.49 USD dont 48.49 USD de cash,{}
28/09 17:58,XBTUSD,SKIP,82998.6,"tendance trop faible ou baissière (EMA20 83504.36, EMA50 83886.08); EMA20 qui s'essouffle (-45.35 sur 3 bougies); prix sous l'EMA rapide; RSI 39 hors zone 45-70","{""ema_fast"": 83504.35968333214, ""ema_slow"": 83886.08087987859, ""rsi"": 39.27090320220405, ""atr"": 438.2956889526098}"
28/09 17:58,ETHUSD,SKIP,2666.32,"tendance trop faible ou baissière (EMA20 2669.47, EMA50 2678.58); EMA20 encore montante (+4.17 sur 3 bougies); prix sous l'EMA rapide; RSI 48 dans la zone 45-70","{""ema_fast"": 2669.4651020331985, ""ema_slow"": 2678.582363697092, ""rsi"": 47.51205269370688, ""atr"": 17.730415178033446}"
28/09 17:58,SOLUSD,SKIP,118.04,"tendance trop faible ou baissière (EMA20 119.76, EMA50 120.43); EMA20 qui s'essouffle (-0.19 sur 3 bougies); prix sous l'EMA rapide; RSI 38 hors zone 45-70","{""ema_fast"": 119.76104985908809, ""ema_slow"": 120.42932620759773, ""rsi"": 37.58671909045597, ""atr"": 1.243762354024278}"
28/09 17:58,-,EQUITY,48.48784680280153,capital simulé 48.49 USD dont 48.49 USD de cash,{}
28/09 22:38,XBTUSD,SKIP,83350.2,"tendance trop faible ou baissière (EMA20 83563.46, EMA50 83843.68); EMA20 encore montante (+54.60 sur 3 bougies); prix sous l'EMA rapide; RSI 46 dans la zone 45-70","{""ema_fast"": 83563.46171412975, ""ema_slow"": 83843.680786194, ""rsi"": 45.72421737701934, ""atr"": 521.2931571262754}"
28/09 22:38,ETHUSD,SKIP,2672.43,"tendance trop faible ou baissière (EMA20 2675.91, EMA50 2679.90); EMA20 encore montante (+4.14 sur 3 bougies); prix sous l'EMA rapide; RSI 48 dans la zone 45-70","{""ema_fast"": 2675.9078614410614, ""ema_slow"": 2679.904212138623, ""rsi"": 48.46022578141648, ""atr"": 20.88059244789664}"
28/09 22:38,SOLUSD,SKIP,118.31,"tendance trop faible ou baissière (EMA20 119.52, EMA50 120.20); EMA20 qui s'essouffle (-0.09 sur 3 bougies); prix sous l'EMA rapide; RSI 41 hors zone 45-70","{""ema_fast"": 119.52421479171014, ""ema_slow"": 120.19981334164268, ""rsi"": 41.35225316110804, ""atr"": 1.377781385198012}"
28/09 22:38,-,EQUITY,48.48784680280153,capital simulé 48.49 USD dont 48.49 USD de cash,{}
29/09 02:43,XBTUSD,SKIP,83462.7,"tendance trop faible ou baissière (EMA20 83515.02, EMA50 83780.26); EMA20 qui s'essouffle (-42.67 sur 3 bougies); prix sous l'EMA rapide; RSI 48 dans la zone 45-70","{""ema_fast"": 83515.02110770257, ""ema_slow"": 83780.25514303746, ""rsi"": 48.109569124077474, ""atr"": 479.45327625685934}"
29/09 02:43,ETHUSD,SKIP,2687.45,"tendance trop faible ou baissière (EMA20 2678.10, EMA50 2680.26); EMA20 encore montante (+1.65 sur 3 bougies); prix au-dessus de l'EMA rapide; RSI 54 dans la zone 45-70","{""ema_fast"": 2678.101730713337, ""ema_slow"": 2680.2609605717494, ""rsi"": 53.8399581953834, ""atr"": 19.295642464191328}"
29/09 02:43,SOLUSD,SKIP,118.83,"tendance trop faible ou baissière (EMA20 119.18, EMA50 119.94); EMA20 qui s'essouffle (-0.27 sur 3 bougies); prix sous l'EMA rapide; RSI 46 dans la zone 45-70","{""ema_fast"": 119.1764706879873, ""ema_slow"": 119.94263829732704, ""rsi"": 46.34685283453008, ""atr"": 1.2907956097105495}"
29/09 02:43,-,EQUITY,48.48784680280153,capital simulé 48.49 USD dont 48.49 USD de cash,{}
29/09 06:55,XBTUSD,SKIP,83035.7,"tendance trop faible ou baissière (EMA20 83355.82, EMA50 83670.12); EMA20 qui s'essouffle (-124.34 sur 3 bougies); prix sous l'EMA rapide; RSI 43 hors zone 45-70","{""ema_fast"": 83355.81987328791, ""ema_slow"": 83670.11843962026, ""rsi"": 43.028194008198234, ""atr"": 453.9003390038577}"
29/09 06:55,ETHUSD,SKIP,2663.71,"tendance trop faible ou baissière (EMA20 2673.67, EMA50 2678.00); EMA20 qui s'essouffle (-4.25 sur 3 bougies); prix sous l'EMA rapide; RSI 46 dans la zone 45-70","{""ema_fast"": 2673.665732016458, ""ema_slow"": 2678.000055511282, ""rsi"": 45.56278555042408, ""atr"": 18.94076724333013}"
29/09 06:55,SOLUSD,SKIP,117.8,"tendance trop faible ou baissière (EMA20 118.61, EMA50 119.58); EMA20 qui s'essouffle (-0.46 sur 3 bougies); prix sous l'EMA rapide; RSI 43 hors zone 45-70","{""ema_fast"": 118.61225876321693, ""ema_slow"": 119.57735713381892, ""rsi"": 43.444971373679145, ""atr"": 1.2816220691624065}"
29/09 06:55,-,EQUITY,48.48784680280153,capital simulé 48.49 USD dont 48.49 USD de cash,{}
29/09 08:23,XBTUSD,SKIP,83399.0,"tendance trop faible ou baissière (EMA20 83343.96, EMA50 83640.66); EMA20 qui s'essouffle (-45.55 sur 3 bougies); prix au-dessus de l'EMA rapide; RSI 50 dans la zone 45-70","{""ema_fast"": 83343.96366044656, ""ema_slow"": 83640.66181219854, ""rsi"": 49.57767253775274, ""atr"": 442.90386373291693}"
29/09 08:23,ETHUSD,SKIP,2675.35,"tendance trop faible ou baissière (EMA20 2673.23, EMA50 2677.47); EMA20 qui s'essouffle (-1.49 sur 3 bougies); prix au-dessus de l'EMA rapide; RSI 51 dans la zone 45-70","{""ema_fast"": 2673.22505500667, ""ema_slow"": 2677.4699935727, ""rsi"": 50.523330001489306, ""atr"": 18.625661551646868}"
29/09 08:23,SOLUSD,SKIP,118.21,"tendance trop faible ou baissière (EMA20 118.49, EMA50 119.45); EMA20 qui s'essouffle (-0.21 sur 3 bougies); prix sous l'EMA rapide; RSI 46 dans la zone 45-70","{""ema_fast"": 118.4910326837218, ""ema_slow"": 119.4511166775469, ""rsi"": 46.34253312876212, ""atr"": 1.2409904575941153}"
29/09 08:23,-,EQUITY,48.48784680280153,capital simulé 48.49 USD dont 48.49 USD de cash,{}
29/09 09:42,XBTUSD,SKIP,83971.3,"tendance trop faible ou baissière (EMA20 83403.71, EMA50 83653.63); EMA20 encore montante (+47.89 sur 3 bougies); prix au-dessus de l'EMA rapide; RSI 58 dans la zone 45-70","{""ema_fast"": 83403.70997849928, ""ema_slow"": 83653.62801564168, ""rsi"": 57.99309420026049, ""atr"": 453.25358775199345}"
29/09 09:42,ETHUSD,SKIP,2705.43,"tendance trop faible ou baissière (EMA20 2676.29, EMA50 2678.57); EMA20 encore montante (+2.63 sur 3 bougies); prix au-dessus de l'EMA rapide; RSI 61 dans la zone 45-70","{""ema_fast"": 2676.2921926250824, ""ema_slow"": 2678.5664644129847, ""rsi"": 60.68038058766495, ""atr"": 19.633114297957807}"
29/09 09:42,SOLUSD,SKIP,119.2,"tendance trop faible ou baissière (EMA20 118.56, EMA50 119.44); EMA20 qui s'essouffle (-0.05 sur 3 bougies); prix au-dessus de l'EMA rapide; RSI 52 dans la zone 45-70","{""ema_fast"": 118.5585533805102, ""ema_slow"": 119.44126896470175, ""rsi"": 52.11641273060747, ""atr"": 1.2273482820516783}"
29/09 09:42,-,EQUITY,48.48784680280153,capital simulé 48.49 USD dont 48.49 USD de cash,{}
29/09 10:59,XBTUSD,SKIP,83951.3,"tendance trop faible ou baissière (EMA20 83455.86, EMA50 83665.30); EMA20 encore montante (+117.69 sur 3 bougies); prix au-dessus de l'EMA rapide; RSI 58 dans la zone 45-70","{""ema_fast"": 83455.86140911838, ""ema_slow"": 83665.30142679298, ""rsi"": 57.631100643871385, ""atr"": 444.29261719827883}"
29/09 10:59,ETHUSD,SKIP,2711.15,"tendance trop faible ou baissière (EMA20 2679.61, EMA50 2679.84); EMA20 encore montante (+6.61 sur 3 bougies); prix au-dessus de l'EMA rapide; RSI 62 dans la zone 45-70","{""ema_fast"": 2679.6119838036457, ""ema_slow"": 2679.84425012228, ""rsi"": 62.266714663637515, ""atr"": 19.562177562389383}"
29/09 10:59,SOLUSD,SKIP,119.49,"tendance trop faible ou baissière (EMA20 118.65, EMA50 119.44); EMA20 encore montante (+0.13 sur 3 bougies); prix au-dessus de l'EMA rapide; RSI 54 dans la zone 45-70","{""ema_fast"": 118.64726258236637, ""ema_slow"": 119.44317998569382, ""rsi"": 53.68849034110702, ""atr"": 1.2032519761908442}"
29/09 10:59,-,EQUITY,48.48784680280153,capital simulé 48.49 USD dont 48.49 USD de cash,{}
29/09 12:16,XBTUSD,SKIP,84222.8,"tendance trop faible ou baissière (EMA20 83562.56, EMA50 83693.99); EMA20 encore montante (+158.85 sur 3 bougies); prix au-dessus de l'EMA rapide; RSI 61 dans la zone 45-70","{""ema_fast"": 83562.55503104703, ""ema_slow"": 83693.98751469818, ""rsi"": 60.82402586681986, ""atr"": 459.86659340055786}"
29/09 12:16,ETHUSD,ENTER,2718.4957799999997,"tendance nette (EMA20 2685.53 > EMA50 2682.33 de 0.1%+); EMA20 encore montante (+9.24 sur 3 bougies); prix au-dessus de l'EMA rapide; RSI 63 dans la zone 45-70 → achat de 0.017765 à 2718.50 (48.49 USD frais compris), stop 2678.37, objectif 2818.81","{""qty"": 0.01776521725197617, ""stop"": 2678.369983999553, ""tp"": 2818.8102700011173, ""ema_fast"": 2685.5347078301947, ""ema_slow"": 2682.326691481583, ""rsi"": 63.230210683815606, ""atr"": 20.062898000223488}"
29/09 12:16,SOLUSD,SKIP,119.87,"tendance trop faible ou baissière (EMA20 118.81, EMA50 119.45); EMA20 encore montante (+0.25 sur 3 bougies); prix au-dessus de l'EMA rapide; RSI 56 dans la zone 45-70","{""ema_fast"": 118.80531018647224, ""ema_slow"": 119.44811808752448, ""rsi"": 55.566765496219766, ""atr"": 1.1962223672257788}"
29/09 12:16,-,EQUITY,48.29466813028041,capital simulé 48.29 USD dont 0.00 USD de cash,{}
29/09 13:33,ETHUSD,HOLD,2723.96,"position gardée : stop 2678.37, objectif 2818.81, latent -0.29 USD",{}
29/09 13:33,XBTUSD,SKIP,83999.2,"tendance trop faible ou baissière (EMA20 83604.14, EMA50 83705.96); EMA20 encore montante (+148.28 sur 3 bougies); prix au-dessus de l'EMA rapide; RSI 57 dans la zone 45-70","{""ema_fast"": 83604.14026618541, ""ema_slow"": 83705.95663176886, ""rsi"": 56.612041687728755, ""atr"": 452.0046938719468}"
29/09 13:33,SOLUSD,SKIP,119.39,"tendance trop faible ou baissière (EMA20 118.86, EMA50 119.45); EMA20 encore montante (+0.21 sur 3 bougies); prix au-dessus de l'EMA rapide; RSI 52 dans la zone 45-70","{""ema_fast"": 118.86099493061775, ""ema_slow"": 119.44583894683726, ""rsi"": 52.4471494770922, ""atr"": 1.1693493409953664}"
29/09 13:33,-,EQUITY,48.39174118569301,capital simulé 48.39 USD dont 0.00 USD de cash,{}
29/09 14:50,ETHUSD,HOLD,2734.64,"position gardée : stop 2678.37, objectif 2818.81, latent -0.10 USD",{}
29/09 14:50,XBTUSD,SKIP,84324.2,"tendance trop faible ou baissière (EMA20 83672.72, EMA50 83730.20); EMA20 encore montante (+179.66 sur 3 bougies); prix au-dessus de l'EMA rapide; RSI 61 dans la zone 45-70","{""ema_fast"": 83672.71738369156, ""ema_slow"": 83730.20146973892, ""rsi"": 60.855135274574295, ""atr"": 460.2400728810937}"
29/09 14:50,SOLUSD,SKIP,120.11,"tendance trop faible ou baissière (EMA20 118.98, EMA50 119.47); EMA20 encore montante (+0.29 sur 3 bougies); prix au-dessus de l'EMA rapide; RSI 56 dans la zone 45-70","{""ema_fast"": 118.97994779436844, ""ema_slow"": 119.47188447833412, ""rsi"": 56.40115232347316, ""atr"": 1.1708243880671259}"
29/09 14:50,-,EQUITY,48.581473705944106,capital simulé 48.58 USD dont 0.00 USD de cash,{}
29/09 15:10,ETHUSD,HOLD,2739.93,"position gardée : stop 2678.37, objectif 2818.81, latent -0.01 USD",{}
29/09 15:10,XBTUSD,SKIP,84305.6,"tendance trop faible ou baissière (EMA20 83732.99, EMA50 83752.77); EMA20 encore montante (+170.44 sur 3 bougies); prix au-dessus de l'EMA rapide; RSI 60 dans la zone 45-70","{""ema_fast"": 83732.99191857807, ""ema_slow"": 83752.76611798446, ""rsi"": 60.4905365877083, ""atr"": 452.5300676753004}"
29/09 15:10,SOLUSD,SKIP,120.87,"tendance trop faible ou baissière (EMA20 119.16, EMA50 119.53); EMA20 encore montante (+0.35 sur 3 bougies); prix au-dessus de l'EMA rapide; RSI 60 dans la zone 45-70","{""ema_fast"": 119.15995276633335, ""ema_slow"": 119.5267125380076, ""rsi"": 60.16625908709021, ""atr"": 1.165051217490903}"
29/09 15:10,-,EQUITY,48.67545170520706,capital simulé 48.68 USD dont 0.00 USD de cash,{}
29/09 17:02,ETHUSD,HOLD,2709.22,"position gardée : stop 2678.37, objectif 2818.81, latent -0.55 USD",{}
29/09 17:02,XBTUSD,SKIP,83722.5,"tendance trop faible ou baissière (EMA20 83771.36, EMA50 83768.05); EMA20 encore montante (+98.65 sur 3 bougies); prix sous l'EMA rapide; RSI 50 dans la zone 45-70","{""ema_fast"": 83771.36345262287, ""ema_slow"": 83768.04946146894, ""rsi"": 49.79700297318786, ""atr"": 468.77592569962104}"
29/09 17:02,SOLUSD,SKIP,120.17,"tendance trop faible ou baissière (EMA20 119.41, EMA50 119.61); EMA20 encore montante (+0.43 sur 3 bougies); prix au-dessus de l'EMA rapide; RSI 55 dans la zone 45-70","{""ema_fast"": 119.4147005638239, ""ema_slow"": 119.60744975154007, ""rsi"": 54.881137461834925, ""atr"": 1.1543553865100133}"
29/09 17:02,-,EQUITY,48.12988188339887,capital simulé 48.13 USD dont 0.00 USD de cash,{}
29/09 17:20,ETHUSD,STOP_LOSS,2675.6916140155536,"stop touché → vente à 2675.69, résultat -1.14 USD","{""position"": 5, ""pnl"": -1.1437409518135624}"
29/09 18:19,XBTUSD,SKIP,83050.9,"tendance trop faible ou baissière (EMA20 83702.75, EMA50 83739.93); EMA20 qui s'essouffle (-30.24 sur 3 bougies); prix sous l'EMA rapide; RSI 41 hors zone 45-70","{""ema_fast"": 83702.74788570641, ""ema_slow"": 83739.92595317616, ""rsi"": 40.736212673961965, ""atr"": 495.5347881496487}"
29/09 18:19,ETHUSD,SKIP,2673.6,tendance nette (EMA20 2697.85 > EMA50 2689.16 de 0.1%+); EMA20 encore montante (+1.32 sur 3 bougies); prix sous l'EMA rapide; RSI 43 hors zone 45-70,"{""ema_fast"": 2697.8510804569223, ""ema_slow"": 2689.158733500792, ""rsi"": 43.28605617409137, ""atr"": 21.630605531809756}"
29/09 18:19,SOLUSD,SKIP,118.2,"tendance trop faible ou baissière (EMA20 119.30, EMA50 119.55); EMA20 encore montante (+0.14 sur 3 bougies); prix sous l'EMA rapide; RSI 44 hors zone 45-70","{""ema_fast"": 119.29901479584066, ""ema_slow"": 119.55225564363673, ""rsi"": 43.959290014451305, ""atr"": 1.2361871446164407}"
29/09 18:19,-,EQUITY,47.344105850987965,capital simulé 47.34 USD dont 47.34 USD de cash,{}
29/09 19:36,XBTUSD,SKIP,83032.5,"tendance trop faible ou baissière (EMA20 83638.91, EMA50 83712.18); EMA20 qui s'essouffle (-137.59 sur 3 bougies); prix sous l'EMA rapide; RSI 41 hors zone 45-70","{""ema_fast"": 83638.91475373438, ""ema_slow"": 83712.1837589339, ""rsi"": 40.51868723244594, ""atr"": 488.03944613895885}"
29/09 19:36,ETHUSD,SKIP,2675.56,tendance nette (EMA20 2695.73 > EMA50 2688.63 de 0.1%+); EMA20 qui s'essouffle (-3.66 sur 3 bougies); prix sous l'EMA rapide; RSI 44 hors zone 45-70,"{""ema_fast"": 2695.7281204134056, ""ema_slow"": 2688.6254498340863, ""rsi"": 44.00045992082077, ""atr"": 21.18984799382335}"
29/09 19:36,SOLUSD,SKIP,118.06,"tendance trop faible ou baissière (EMA20 119.18, EMA50 119.49); EMA20 qui s'essouffle (-0.15 sur 3 bougies); prix sous l'EMA rapide; RSI 43 hors zone 45-70","{""ema_fast"": 119.18101338671298, ""ema_slow"": 119.49373581447436, ""rsi"": 43.29980424591409, ""atr"": 1.2314594914295522}"
29/09 19:36,-,EQUITY,47.344105850987965,capital simulé 47.34 USD dont 47.34 USD de cash,{}
29/09 20:44,XBTUSD,SKIP,83053.6,"tendance trop faible ou baissière (EMA20 83583.17, EMA50 83686.36); EMA20 qui s'essouffle (-188.19 sur 3 bougies); prix sous l'EMA rapide; RSI 41 hors zone 45-70","{""ema_fast"": 83583.17049147397, ""ema_slow"": 83686.35694485805, ""rsi"": 40.90836420063412, ""atr"": 470.5509142718902}"
29/09 20:44,ETHUSD,SKIP,2672.76,tendance nette (EMA20 2693.54 > EMA50 2688.00 de 0.1%+); EMA20 qui s'essouffle (-6.86 sur 3 bougies); prix sous l'EMA rapide; RSI 43 hors zone 45-70,"{""ema_fast"": 2693.540680374034, ""ema_slow"": 2688.0032753307914, ""rsi"": 43.16396775551056, ""atr"": 20.447001708550253}"
29/09 20:44,SOLUSD,SKIP,117.7,"tendance trop faible ou baissière (EMA20 119.04, EMA50 119.42); EMA20 qui s'essouffle (-0.37 sur 3 bougies); prix sous l'EMA rapide; RSI 42 hors zone 45-70","{""ema_fast"": 119.03996449274032, ""ema_slow"": 119.42339323351464, ""rsi"": 41.5726863061611, ""atr"": 1.2127838134702986}"
29/09 20:44,-,EQUITY,47.344105850987965,capital simulé 47.34 USD dont 47.34 USD de cash,{}
29/09 22:11,XBTUSD,SKIP,83564.9,"tendance trop faible ou baissière (EMA20 83583.72, EMA50 83678.71); EMA20 qui s'essouffle (-55.20 sur 3 bougies); prix sous l'EMA rapide; RSI 49 dans la zone 45-70","{""ema_fast"": 83583.71643406371, ""ema_slow"": 83678.70566113181, ""rsi"": 49.49994912345262, ""atr"": 467.18012506096676}"
29/09 22:11,ETHUSD,SKIP,2688.82,tendance nette (EMA20 2693.22 > EMA50 2688.30 de 0.1%+); EMA20 qui s'essouffle (-2.51 sur 3 bougies); prix sous l'EMA rapide; RSI 49 dans la zone 45-70,"{""ema_fast"": 2693.2159764513067, ""ema_slow"": 2688.2985482772838, ""rsi"": 49.06031506115949, ""atr"": 20.200169840535665}"
29/09 22:11,SOLUSD,SKIP,118.76,"tendance trop faible ou baissière (EMA20 119.02, EMA50 119.39); EMA20 qui s'essouffle (-0.16 sur 3 bougies); prix sous l'EMA rapide; RSI 48 dans la zone 45-70","{""ema_fast"": 119.01847433532713, ""ema_slow"": 119.3851930617713, ""rsi"": 48.133937339018864, ""atr"": 1.229543186104492}"
29/09 22:11,-,EQUITY,47.344105850987965,capital simulé 47.34 USD dont 47.34 USD de cash,{}
29/09 23:28,XBTUSD,SKIP,83586.4,"tendance trop faible ou baissière (EMA20 83583.97, EMA50 83675.09); EMA20 encore montante (+0.80 sur 3 bougies); prix au-dessus de l'EMA rapide; RSI 50 dans la zone 45-70","{""ema_fast"": 83583.97201177194, ""ema_slow"": 83675.08583128352, ""rsi"": 49.84779971122819, ""atr"": 445.3886875566124}"
29/09 23:28,ETHUSD,SKIP,2688.58,tendance nette (EMA20 2692.77 > EMA50 2688.31 de 0.1%+); EMA20 qui s'essouffle (-0.77 sur 3 bougies); prix sous l'EMA rapide; RSI 49 dans la zone 45-70,"{""ema_fast"": 2692.7744548845158, ""ema_slow"": 2688.30958559974, ""rsi"": 48.97801072334046, ""atr"": 19.320871994783108}"
29/09 23:28,SOLUSD,SKIP,119.01,"tendance trop faible ou baissière (EMA20 119.02, EMA50 119.37); EMA20 qui s'essouffle (-0.02 sur 3 bougies); prix sous l'EMA rapide; RSI 50 dans la zone 45-70","{""ema_fast"": 119.01766725577217, ""ema_slow"": 119.37047960836841, ""rsi"": 49.574805827546, ""atr"": 1.1874329585255998}"
29/09 23:28,-,EQUITY,47.344105850987965,capital simulé 47.34 USD dont 47.34 USD de cash,{}
30/09 00:44,XBTUSD,SKIP,83472.5,"tendance trop faible ou baissière (EMA20 83573.36, EMA50 83667.14); EMA20 qui s'essouffle (-12.34 sur 3 bougies); prix sous l'EMA rapide; RSI 48 dans la zone 45-70","{""ema_fast"": 83573.35562969843, ""ema_slow"": 83667.1412888802, ""rsi"": 47.962949862549515, ""atr"": 431.19663844542555}"
30/09 00:44,ETHUSD,SKIP,2678.25,tendance nette (EMA20 2691.39 > EMA50 2687.92 de 0.1%+); EMA20 qui s'essouffle (-2.29 sur 3 bougies); prix sous l'EMA rapide; RSI 45 dans la zone 45-70,"{""ema_fast"": 2691.3911734669427, ""ema_slow"": 2687.915092046805, ""rsi"": 45.4441899310303, ""atr"": 18.918666852298603}"
30/09 00:44,SOLUSD,SKIP,118.88,"tendance trop faible ou baissière (EMA20 119.00, EMA50 119.35); EMA20 qui s'essouffle (-0.04 sur 3 bougies); prix sous l'EMA rapide; RSI 49 dans la zone 45-70","{""ema_fast"": 119.00455608855577, ""ema_slow"": 119.35124511392242, ""rsi"": 48.8153793087776, ""atr"": 1.1497591757737722}"
30/09 00:44,-,EQUITY,47.344105850987965,capital simulé 47.34 USD dont 47.34 USD de cash,{}
30/09 02:03,XBTUSD,SKIP,83633.4,"tendance trop faible ou baissière (EMA20 83579.35, EMA50 83662.40); EMA20 qui s'essouffle (-4.63 sur 3 bougies); prix au-dessus de l'EMA rapide; RSI 51 dans la zone 45-70","{""ema_fast"": 83579.34508462842, ""ema_slow"": 83662.40293525606, ""rsi"": 50.86619900656599, ""atr"": 403.7884280473316}"
30/09 02:03,ETHUSD,SKIP,2676.7,"tendance trop faible ou baissière (EMA20 2689.05, EMA50 2687.19); EMA20 qui s'essouffle (-3.73 sur 3 bougies); prix sous l'EMA rapide; RSI 45 hors zone 45-70","{""ema_fast"": 2689.049237237112, ""ema_slow"": 2687.1940161493067, ""rsi"": 44.98794466016437, ""atr"": 17.9357382552983}"
30/09 02:03,SOLUSD,SKIP,119.1,"tendance trop faible ou baissière (EMA20 119.02, EMA50 119.33); EMA20 encore montante (+0.00 sur 3 bougies); prix au-dessus de l'EMA rapide; RSI 50 dans la zone 45-70","{""ema_fast"": 119.02014682079054, ""ema_slow"": 119.33117244080218, ""rsi"": 50.21501053329739, ""atr"": 1.105455615845753}"
30/09 02:03,-,EQUITY,47.344105850987965,capital simulé 47.34 USD dont 47.34 USD de cash,{}
30/09 03:21,XBTUSD,SKIP,83422.1,"tendance trop faible ou baissière (EMA20 83564.37, EMA50 83652.98); EMA20 qui s'essouffle (-8.99 sur 3 bougies); prix sous l'EMA rapide; RSI 47 dans la zone 45-70","{""ema_fast"": 83564.36936228286, ""ema_slow"": 83652.9792907361, ""rsi"": 46.97986563137545, ""atr"": 401.9821117582365}"
30/09 03:21,ETHUSD,SKIP,2671.24,"tendance trop faible ou baissière (EMA20 2687.35, EMA50 2686.57); EMA20 qui s'essouffle (-4.04 sur 3 bougies); prix sous l'EMA rapide; RSI 43 hors zone 45-70","{""ema_fast"": 2687.3531194050056, ""ema_slow"": 2686.5683684571723, ""rsi"": 43.030236848199536, ""atr"": 17.514614094205562}"
30/09 03:21,SOLUSD,SKIP,118.9,"tendance trop faible ou baissière (EMA20 119.01, EMA50 119.31); EMA20 encore montante (+0.00 sur 3 bougies); prix sous l'EMA rapide; RSI 49 dans la zone 45-70","{""ema_fast"": 119.00870426642955, ""ema_slow"": 119.31426371763325, ""rsi"": 48.81735982719754, ""atr"": 1.082208786142485}"
30/09 03:21,-,EQUITY,47.344105850987965,capital simulé 47.34 USD dont 47.34 USD de cash,{}
30/09 03:43,XBTUSD,SKIP,83422.1,"tendance trop faible ou baissière (EMA20 83564.37, EMA50 83652.98); EMA20 qui s'essouffle (-8.99 sur 3 bougies); prix sous l'EMA rapide; RSI 47 dans la zone 45-70","{""ema_fast"": 83564.36936228286, ""ema_slow"": 83652.9792907361, ""rsi"": 46.97986563137545, ""atr"": 401.9821117582365}"
30/09 03:43,ETHUSD,SKIP,2671.24,"tendance trop faible ou baissière (EMA20 2687.35, EMA50 2686.57); EMA20 qui s'essouffle (-4.04 sur 3 bougies); prix sous l'EMA rapide; RSI 43 hors zone 45-70","{""ema_fast"": 2687.3531194050056, ""ema_slow"": 2686.5683684571723, ""rsi"": 43.030236848199536, ""atr"": 17.514614094205562}"
30/09 03:43,SOLUSD,SKIP,118.9,"tendance trop faible ou baissière (EMA20 119.01, EMA50 119.31); EMA20 encore montante (+0.00 sur 3 bougies); prix sous l'EMA rapide; RSI 49 dans la zone 45-70","{""ema_fast"": 119.00870426642955, ""ema_slow"": 119.31426371763325, ""rsi"": 48.81735982719754, ""atr"": 1.082208786142485}"
30/09 03:43,-,EQUITY,47.344105850987965,capital simulé 47.34 USD dont 47.34 USD de cash,{}
30/09 04:38,XBTUSD,SKIP,83420.0,"tendance trop faible ou baissière (EMA20 83550.62, EMA50 83643.84); EMA20 qui s'essouffle (-23.04 sur 3 bougies); prix sous l'EMA rapide; RSI 47 dans la zone 45-70","{""ema_fast"": 83550.61989920831, ""ema_slow"": 83643.84284796209, ""rsi"": 46.94147970528849, ""atr"": 388.94767520407675}"
30/09 04:38,ETHUSD,SKIP,2671.12,"tendance trop faible ou baissière (EMA20 2685.81, EMA50 2685.96); EMA20 qui s'essouffle (-4.54 sur 3 bougies); prix sous l'EMA rapide; RSI 43 hors zone 45-70","{""ema_fast"": 2685.8071080331, ""ema_slow"": 2685.962550086302, ""rsi"": 42.985962552194614, ""atr"": 16.877855944619444}"
30/09 04:38,SOLUSD,SKIP,119.45,"tendance trop faible ou baissière (EMA20 119.05, EMA50 119.32); EMA20 encore montante (+0.04 sur 3 bougies); prix au-dessus de l'EMA rapide; RSI 53 dans la zone 45-70","{""ema_fast"": 119.05073243153149, ""ema_slow"": 119.31958670909859, ""rsi"": 52.71503414177861, ""atr"": 1.0613367299894496}"
30/09 04:38,-,EQUITY,47.344105850987965,capital simulé 47.34 USD dont 47.34 USD de cash,{}
30/09 05:54,XBTUSD,SKIP,83347.0,"tendance trop faible ou baissière (EMA20 83531.23, EMA50 83632.20); EMA20 qui s'essouffle (-48.12 sur 3 bougies); prix sous l'EMA rapide; RSI 46 dans la zone 45-70","{""ema_fast"": 83531.22752785514, ""ema_slow"": 83632.20195196368, ""rsi"": 45.54825787130801, ""atr"": 385.0799841180715}"
30/09 05:54,ETHUSD,SKIP,2673.44,"tendance trop faible ou baissière (EMA20 2684.63, EMA50 2685.47); EMA20 qui s'essouffle (-4.42 sur 3 bougies); prix sous l'EMA rapide; RSI 44 hors zone 45-70","{""ema_fast"": 2684.629288220424, ""ema_slow"": 2685.4714696907645, ""rsi"": 44.18172729238177, ""atr"": 16.530866234289483}"
30/09 05:54,SOLUSD,SKIP,119.64,"tendance trop faible ou baissière (EMA20 119.11, EMA50 119.33); EMA20 encore montante (+0.09 sur 3 bougies); prix au-dessus de l'EMA rapide; RSI 54 dans la zone 45-70","{""ema_fast"": 119.10685315233802, ""ema_slow"": 119.33215193619291, ""rsi"": 54.017747012559376, ""atr"": 1.046955534990203}"
30/09 05:54,-,EQUITY,47.344105850987965,capital simulé 47.34 USD dont 47.34 USD de cash,{}
30/09 07:12,XBTUSD,SKIP,83171.4,"tendance trop faible ou baissière (EMA20 83474.41, EMA50 83600.47); EMA20 qui s'essouffle (-76.21 sur 3 bougies); prix sous l'EMA rapide; RSI 42 hors zone 45-70","{""ema_fast"": 83474.41437087461, ""ema_slow"": 83600.46923747213, ""rsi"": 42.166742148868416, ""atr"": 364.8541699793572}"
30/09 07:12,ETHUSD,SKIP,2668.88,"tendance trop faible ou baissière (EMA20 2681.95, EMA50 2684.27); EMA20 qui s'essouffle (-3.86 sur 3 bougies); prix sous l'EMA rapide; RSI 42 hors zone 45-70","{""ema_fast"": 2681.945471763204, ""ema_slow"": 2684.271425885251, ""rsi"": 42.24280816495344, ""atr"": 15.258348946912845}"
30/09 07:12,SOLUSD,SKIP,118.73,"tendance trop faible ou baissière (EMA20 119.07, EMA50 119.30); EMA20 encore montante (+0.02 sur 3 bougies); prix sous l'EMA rapide; RSI 47 dans la zone 45-70","{""ema_fast"": 119.06864849885265, ""ema_slow"": 119.29903760046129, ""rsi"": 47.12334292428905, ""atr"": 1.0321198235374698}"
30/09 07:12,-,EQUITY,47.344105850987965,capital simulé 47.34 USD dont 47.34 USD de cash,{}
30/09 08:31,XBTUSD,SKIP,83348.2,"tendance trop faible ou baissière (EMA20 83462.39, EMA50 83590.58); EMA20 qui s'essouffle (-68.83 sur 3 bougies); prix sous l'EMA rapide; RSI 47 dans la zone 45-70","{""ema_fast"": 83462.39395460085, ""ema_slow"": 83590.57632619872, ""rsi"": 46.60465360331468, ""atr"": 362.74315783797374}"
30/09 08:31,ETHUSD,SKIP,2673.83,"tendance trop faible ou baissière (EMA20 2681.17, EMA50 2683.86); EMA20 qui s'essouffle (-3.46 sur 3 bougies); prix sous l'EMA rapide; RSI 45 dans la zone 45-70","{""ema_fast"": 2681.172569690518, ""ema_slow"": 2683.861958203477, ""rsi"": 45.172639627741745, ""atr"": 15.054181164990506}"
30/09 08:31,SOLUSD,SKIP,118.99,"tendance trop faible ou baissière (EMA20 119.06, EMA50 119.29); EMA20 qui s'essouffle (-0.05 sur 3 bougies); prix sous l'EMA rapide; RSI 49 dans la zone 45-70","{""ema_fast"": 119.0611581656286, ""ema_slow"": 119.28691847887461, ""rsi"": 49.2096593259502, ""atr"": 1.0412541218562217}"
30/09 08:31,-,EQUITY,47.344105850987965,capital simulé 47.34 USD dont 47.34 USD de cash,{}
30/09 09:39,XBTUSD,SKIP,82996.5,"tendance trop faible ou baissière (EMA20 83418.02, EMA50 83567.28); EMA20 qui s'essouffle (-88.29 sur 3 bougies); prix sous l'EMA rapide; RSI 40 hors zone 45-70","{""ema_fast"": 83418.02310178171, ""ema_slow"": 83567.27921536742, ""rsi"": 40.024946954567525, ""atr"": 369.81864656383294}"
30/09 09:39,ETHUSD,SKIP,2660.79,"tendance trop faible ou baissière (EMA20 2679.23, EMA50 2682.96); EMA20 qui s'essouffle (-4.09 sur 3 bougies); prix sous l'EMA rapide; RSI 39 hors zone 45-70","{""ema_fast"": 2679.2313725771355, ""ema_slow"": 2682.957175528832, ""rsi"": 39.48964924632083, ""atr"": 15.349596796062617}"
30/09 09:39,SOLUSD,SKIP,118.06,"tendance trop faible ou baissière (EMA20 118.97, EMA50 119.24); EMA20 qui s'essouffle (-0.14 sur 3 bougies); prix sous l'EMA rapide; RSI 43 hors zone 45-70","{""ema_fast"": 118.96580976890206, ""ema_slow"": 119.23880402872274, ""rsi"": 42.71714801270448, ""atr"": 1.0497359702950628}"
30/09 09:39,-,EQUITY,47.344105850987965,capital simulé 47.34 USD dont 47.34 USD de cash,{}
30/09 11:06,XBTUSD,SKIP,83029.9,"tendance trop faible ou baissière (EMA20 83367.36, EMA50 83534.59); EMA20 qui s'essouffle (-95.03 sur 3 bougies); prix sous l'EMA rapide; RSI 42 hors zone 45-70","{""ema_fast"": 83367.36494272834, ""ema_slow"": 83534.59400080644, ""rsi"": 42.104599370373556, ""atr"": 374.94413912901854}"
30/09 11:06,ETHUSD,SKIP,2669.98,"tendance trop faible ou baissière (EMA20 2677.87, EMA50 2682.10); EMA20 qui s'essouffle (-3.30 sur 3 bougies); prix sous l'EMA rapide; RSI 45 hors zone 45-70","{""ema_fast"": 2677.8676315200587, ""ema_slow"": 2682.0968390790963, ""rsi"": 44.99075781446077, ""atr"": 15.09592784966625}"
30/09 11:06,SOLUSD,SKIP,118.19,"tendance trop faible ou baissière (EMA20 118.84, EMA50 119.17); EMA20 qui s'essouffle (-0.22 sur 3 bougies); prix sous l'EMA rapide; RSI 44 hors zone 45-70","{""ema_fast"": 118.84316854098333, ""ema_slow"": 119.16607015492632, ""rsi"": 44.09737074133478, ""atr"": 1.0213539743870688}"
30/09 11:06,-,EQUITY,47.344105850987965,capital simulé 47.34 USD dont 47.34 USD de cash,{}
30/09 12:22,XBTUSD,SKIP,83598.0,"tendance trop faible ou baissière (EMA20 83389.33, EMA50 83537.08); EMA20 qui s'essouffle (-28.69 sur 3 bougies); prix au-dessus de l'EMA rapide; RSI 53 dans la zone 45-70","{""ema_fast"": 83389.33018627802, ""ema_slow"": 83537.08051057879, ""rsi"": 53.06116902228287, ""atr"": 402.0552720483743}"
30/09 12:22,ETHUSD,SKIP,2687.57,"tendance trop faible ou baissière (EMA20 2678.79, EMA50 2682.31); EMA20 qui s'essouffle (-0.44 sur 3 bougies); prix au-dessus de l'EMA rapide; RSI 53 dans la zone 45-70","{""ema_fast"": 2678.791666613386, ""ema_slow"": 2682.311472840704, ""rsi"": 53.401868610515436, ""atr"": 16.05907586040437}"
30/09 12:22,SOLUSD,SKIP,119.28,"tendance trop faible ou baissière (EMA20 118.88, EMA50 119.17); EMA20 qui s'essouffle (-0.08 sur 3 bougies); prix au-dessus de l'EMA rapide; RSI 53 dans la zone 45-70","{""ema_fast"": 118.88477153708016, ""ema_slow"": 119.17053799198823, ""rsi"": 52.534747106673755, ""atr"": 1.0619715476451355}"
30/09 12:22,-,EQUITY,47.344105850987965,capital simulé 47.34 USD dont 47.34 USD de cash,{}
30/09 13:40,XBTUSD,SKIP,83882.1,"tendance trop faible ou baissière (EMA20 83436.26, EMA50 83550.61); EMA20 encore montante (+33.37 sur 3 bougies); prix au-dessus de l'EMA rapide; RSI 57 dans la zone 45-70","{""ema_fast"": 83436.26064472774, ""ema_slow"": 83550.61068663439, ""rsi"": 57.40270758946918, ""atr"": 396.29418118777573}"
30/09 13:40,ETHUSD,SKIP,2694.35,"tendance trop faible ou baissière (EMA20 2680.27, EMA50 2682.78); EMA20 encore montante (+1.58 sur 3 bougies); prix au-dessus de l'EMA rapide; RSI 56 dans la zone 45-70","{""ema_fast"": 2680.2734126502064, ""ema_slow"": 2682.7835719449863, ""rsi"": 56.18292390169729, ""atr"": 15.637713298946904}"
30/09 13:40,SOLUSD,SKIP,119.82,"tendance trop faible ou baissière (EMA20 118.97, EMA50 119.20); EMA20 encore montante (+0.06 sur 3 bougies); prix au-dessus de l'EMA rapide; RSI 56 dans la zone 45-70","{""ema_fast"": 118.9738409145011, ""ema_slow"": 119.19600709034155, ""rsi"": 56.07201849095139, ""atr"": 1.03183072281334}"
30/09 13:40,-,EQUITY,47.344105850987965,capital simulé 47.34 USD dont 47.34 USD de cash,{}
30/09 14:57,XBTUSD,SKIP,83878.9,"tendance trop faible ou baissière (EMA20 83478.42, EMA50 83563.48); EMA20 encore montante (+111.05 sur 3 bougies); prix au-dessus de l'EMA rapide; RSI 57 dans la zone 45-70","{""ema_fast"": 83478.41677380128, ""ema_slow"": 83563.48477735453, ""rsi"": 57.338376602427964, ""atr"": 388.08031110293484}"
30/09 14:57,ETHUSD,SKIP,2696.38,"tendance trop faible ou baissière (EMA20 2681.81, EMA50 2683.32); EMA20 encore montante (+3.94 sur 3 bougies); prix au-dessus de l'EMA rapide; RSI 57 dans la zone 45-70","{""ema_fast"": 2681.807373350187, ""ema_slow"": 2683.3167652020484, ""rsi"": 57.01021326367257, ""atr"": 15.529305206165008}"
30/09 14:57,SOLUSD,SKIP,119.47,"tendance trop faible ou baissière (EMA20 119.02, EMA50 119.21); EMA20 encore montante (+0.18 sur 3 bougies); prix au-dessus de l'EMA rapide; RSI 53 dans la zone 45-70","{""ema_fast"": 119.0210941607391, ""ema_slow"": 119.20675191032795, ""rsi"": 53.29949858497969, ""atr"": 1.0045570997552438}"
30/09 14:57,-,EQUITY,47.344105850987965,capital simulé 47.34 USD dont 47.34 USD de cash,{}
30/09 16:14,XBTUSD,SKIP,84604.2,"tendance trop faible ou baissière (EMA20 83739.30, EMA50 83668.28); EMA20 encore montante (+303.04 sur 3 bougies); prix au-dessus de l'EMA rapide; RSI 61 dans la zone 45-70","{""ema_fast"": 83739.29581710263, ""ema_slow"": 83668.28218009562, ""rsi"": 61.216779239347424, ""atr"": 565.5600641652851}"
30/09 16:14,ETHUSD,SKIP,2708.62,"tendance trop faible ou baissière (EMA20 2688.51, EMA50 2686.07); EMA20 encore montante (+8.24 sur 3 bougies); prix au-dessus de l'EMA rapide; RSI 58 dans la zone 45-70","{""ema_fast"": 2688.511024443124, ""ema_slow"": 2686.0668409266164, ""rsi"": 57.86195874530407, ""atr"": 19.944247856336165}"
30/09 16:14,SOLUSD,SKIP,120.97,"tendance trop faible ou baissière (EMA20 119.45, EMA50 119.38); EMA20 encore montante (+0.48 sur 3 bougies); prix au-dessus de l'EMA rapide; RSI 59 dans la zone 45-70","{""ema_fast"": 119.45132651253245, ""ema_slow"": 119.37586748815768, ""rsi"": 59.40036255955017, ""atr"": 1.285766070707329}"
30/09 16:14,-,EQUITY,47.344105850987965,capital simulé 47.34 USD dont 47.34 USD de cash,{}
30/09 16:23,XBTUSD,SKIP,84604.2,"tendance trop faible ou baissière (EMA20 83739.30, EMA50 83668.28); EMA20 encore montante (+303.04 sur 3 bougies); prix au-dessus de l'EMA rapide; RSI 61 dans la zone 45-70","{""ema_fast"": 83739.29581710263, ""ema_slow"": 83668.28218009562, ""rsi"": 61.216779239347424, ""atr"": 565.5600641652851}"
30/09 16:23,ETHUSD,SKIP,2708.62,"tendance trop faible ou baissière (EMA20 2688.51, EMA50 2686.07); EMA20 encore montante (+8.24 sur 3 bougies); prix au-dessus de l'EMA rapide; RSI 58 dans la zone 45-70","{""ema_fast"": 2688.511024443124, ""ema_slow"": 2686.0668409266164, ""rsi"": 57.86195874530407, ""atr"": 19.944247856336165}"
30/09 16:23,SOLUSD,SKIP,120.97,"tendance trop faible ou baissière (EMA20 119.45, EMA50 119.38); EMA20 encore montante (+0.48 sur 3 bougies); prix au-dessus de l'EMA rapide; RSI 59 dans la zone 45-70","{""ema_fast"": 119.45132651253245, ""ema_slow"": 119.37586748815768, ""rsi"": 59.40036255955017, ""atr"": 1.285766070707329}"
30/09 16:23,-,EQUITY,47.344105850987965,capital simulé 47.34 USD dont 47.34 USD de cash,{}
30/09 17:31,XBTUSD,SKIP,83763.1,"tendance trop faible ou baissière (EMA20 83741.56, EMA50 83672.00); EMA20 encore montante (+263.15 sur 3 bougies); prix au-dessus de l'EMA rapide; RSI 51 dans la zone 45-70","{""ema_fast"": 83741.56288214047, ""ema_slow"": 83672.00052597422, ""rsi"": 50.772920268033396, ""atr"": 619.3272024391936}"
30/09 17:31,ETHUSD,SKIP,2676.99,"tendance trop faible ou baissière (EMA20 2687.41, EMA50 2685.71); EMA20 encore montante (+5.61 sur 3 bougies); prix sous l'EMA rapide; RSI 47 dans la zone 45-70","{""ema_fast"": 2687.413784019969, ""ema_slow"": 2685.710886380475, ""rsi"": 46.87011542556381, ""atr"": 21.754658723740725}"
30/09 17:31,SOLUSD,SKIP,118.78,"tendance trop faible ou baissière (EMA20 119.39, EMA50 119.35); EMA20 encore montante (+0.37 sur 3 bougies); prix sous l'EMA rapide; RSI 47 dans la zone 45-70","{""ema_fast"": 119.38739065419603, ""ema_slow"": 119.35250013568067, ""rsi"": 47.29320099665587, ""atr"": 1.395354208513949}"
30/09 17:31,-,EQUITY,47.344105850987965,capital simulé 47.34 USD dont 47.34 USD de cash,{}
30/09 18:48,XBTUSD,ENTER,84407.72339999999,"tendance nette (EMA20 83774.26 > EMA50 83688.19 de 0.1%+); EMA20 encore montante (+126.01 sur 3 bougies); prix au-dessus de l'EMA rapide; RSI 54 dans la zone 45-70 → achat de 0.000559 à 84407.72 (47.34 USD frais compris), stop 83172.06, objectif 87496.89","{""qty"": 0.0005586631414267793, ""stop"": 83172.05859547005, ""tp"": 87496.88541132481, ""ema_fast"": 83774.26165526995, ""ema_slow"": 83688.19266221055, ""rsi"": 54.00598871904976, ""atr"": 617.832402264965}"
30/09 18:48,ETHUSD,SKIP,2681.89,"tendance trop faible ou baissière (EMA20 2686.89, EMA50 2685.56); EMA20 encore montante (+0.49 sur 3 bougies); prix sous l'EMA rapide; RSI 49 dans la zone 45-70","{""ema_fast"": 2686.8877093514006, ""ema_slow"": 2685.5610476988886, ""rsi"": 48.50221816037274, ""atr"": 21.438611672044953}"
30/09 18:48,SOLUSD,SKIP,119.25,"tendance trop faible ou baissière (EMA20 119.37, EMA50 119.35); EMA20 encore montante (+0.08 sur 3 bougies); prix sous l'EMA rapide; RSI 50 dans la zone 45-70","{""ema_fast"": 119.37430582998688, ""ema_slow"": 119.34848052251674, ""rsi"": 49.66439434020878, ""atr"": 1.4035431936200957}"
30/09 18:48,-,EQUITY,47.155483915326656,capital simulé 47.16 USD dont -0.00 USD de cash,{}
30/09 20:06,XBTUSD,HOLD,83918.4,"position gardée : stop 83172.06, objectif 87496.89, latent -0.65 USD",{}
30/09 20:06,ETHUSD,SKIP,2681.42,"tendance trop faible ou baissière (EMA20 2686.97, EMA50 2685.71); EMA20 qui s'essouffle (-0.44 sur 3 bougies); prix sous l'EMA rapide; RSI 48 dans la zone 45-70","{""ema_fast"": 2686.974655500807, ""ema_slow"": 2685.714354296439, ""rsi"": 48.30981394362796, ""atr"": 20.90655802334492}"
30/09 20:06,SOLUSD,SKIP,119.17,"tendance trop faible ou baissière (EMA20 119.43, EMA50 119.38); EMA20 encore montante (+0.04 sur 3 bougies); prix sous l'EMA rapide; RSI 49 dans la zone 45-70","{""ema_fast"": 119.43116645039743, ""ema_slow"": 119.37582534969782, ""rsi"": 49.03675072413433, ""atr"": 1.4091265291928379}"
30/09 20:06,-,EQUITY,46.88211696750903,capital simulé 46.88 USD dont -0.00 USD de cash,{}
30/09 21:23,XBTUSD,HOLD,83682.0,"position gardée : stop 83172.06, objectif 87496.89, latent -0.78 USD",{}
30/09 21:23,ETHUSD,SKIP,2678.24,"tendance trop faible ou baissière (EMA20 2686.14, EMA50 2685.42); EMA20 qui s'essouffle (-0.74 sur 3 bougies); prix sous l'EMA rapide; RSI 47 dans la zone 45-70","{""ema_fast"": 2686.142783548349, ""ema_slow"": 2685.4212423632466, ""rsi"": 47.30512523682247, ""atr"": 20.165375307391724}"
30/09 21:23,SOLUSD,SKIP,118.66,"tendance trop faible ou baissière (EMA20 119.36, EMA50 119.35); EMA20 qui s'essouffle (-0.02 sur 3 bougies); prix sous l'EMA rapide; RSI 47 dans la zone 45-70","{""ema_fast"": 119.35772202655005, ""ema_slow"": 119.34775376735648, ""rsi"": 46.71199473166541, ""atr"": 1.384903205679063}"
30/09 21:23,-,EQUITY,46.75004900087574,capital simulé 46.75 USD dont -0.00 USD de cash,{}
30/09 21:31,XBTUSD,HOLD,83761.4,"position gardée : stop 83172.06, objectif 87496.89, latent -0.74 USD",{}
30/09 21:31,ETHUSD,SKIP,2678.24,"tendance trop faible ou baissière (EMA20 2686.14, EMA50 2685.42); EMA20 qui s'essouffle (-0.74 sur 3 bougies); prix sous l'EMA rapide; RSI 47 dans la zone 45-70","{""ema_fast"": 2686.142783548349, ""ema_slow"": 2685.4212423632466, ""rsi"": 47.30512523682247, ""atr"": 20.165375307391724}"
30/09 21:31,SOLUSD,SKIP,118.66,"tendance trop faible ou baissière (EMA20 119.36, EMA50 119.35); EMA20 qui s'essouffle (-0.02 sur 3 bougies); prix sous l'EMA rapide; RSI 47 dans la zone 45-70","{""ema_fast"": 119.35772202655005, ""ema_slow"": 119.34775376735648, ""rsi"": 46.71199473166541, ""atr"": 1.384903205679063}"
30/09 21:31,-,EQUITY,46.794406854305024,capital simulé 46.79 USD dont -0.00 USD de cash,{}
30/09 22:40,XBTUSD,HOLD,83679.9,"position gardée : stop 83172.06, objectif 87496.89, latent -0.78 USD",{}
30/09 22:40,ETHUSD,SKIP,2669.0,"tendance trop faible ou baissière (EMA20 2684.51, EMA50 2684.78); EMA20 qui s'essouffle (-3.05 sur 3 bougies); prix sous l'EMA rapide; RSI 44 hors zone 45-70","{""ema_fast"": 2684.5101374961255, ""ema_slow"": 2684.7772720744892, ""rsi"": 44.41475822036683, ""atr"": 19.671419928292316}"
30/09 22:40,SOLUSD,SKIP,117.17,"tendance trop faible ou baissière (EMA20 119.15, EMA50 119.26); EMA20 qui s'essouffle (-0.31 sur 3 bougies); prix sous l'EMA rapide; RSI 41 hors zone 45-70","{""ema_fast"": 119.14936754783099, ""ema_slow"": 119.26235165883274, ""rsi"": 40.64876745470182, ""atr"": 1.4109815481305588}"
30/09 22:40,-,EQUITY,46.74887580827874,capital simulé 46.75 USD dont -0.00 USD de cash,{}
30/09 23:58,XBTUSD,HOLD,83705.9,"position gardée : stop 83172.06, objectif 87496.89, latent -0.77 USD",{}
30/09 23:58,ETHUSD,SKIP,2681.18,"tendance trop faible ou baissière (EMA20 2684.19, EMA50 2684.64); EMA20 qui s'essouffle (-2.78 sur 3 bougies); prix sous l'EMA rapide; RSI 49 dans la zone 45-70","{""ema_fast"": 2684.1929815441135, ""ema_slow"": 2684.6362025813733, ""rsi"": 48.85125131593949, ""atr"": 19.25846136198575}"
30/09 23:58,SOLUSD,SKIP,117.98,"tendance trop faible ou baissière (EMA20 119.04, EMA50 119.21); EMA20 qui s'essouffle (-0.39 sur 3 bougies); prix sous l'EMA rapide; RSI 45 hors zone 45-70","{""ema_fast"": 119.03799920994233, ""ema_slow"": 119.21206335848633, ""rsi"": 44.84037105277538, ""atr"": 1.378054294692662}"
30/09 23:58,-,EQUITY,46.76340104995583,capital simulé 46.76 USD dont -0.00 USD de cash,{}
01/10 01:16,XBTUSD,HOLD,83608.9,"position gardée : stop 83172.06, objectif 87496.89, latent -0.82 USD",{}
01/10 01:16,ETHUSD,SKIP,2685.38,"tendance trop faible ou baissière (EMA20 2684.21, EMA50 2684.61); EMA20 qui s'essouffle (-0.30 sur 3 bougies); prix au-dessus de l'EMA rapide; RSI 50 dans la zone 45-70","{""ema_fast"": 2684.2109894272676, ""ema_slow"": 2684.6071135708835, ""rsi"": 50.38352449063334, ""atr"": 17.861887602936687}"
01/10 01:16,SOLUSD,SKIP,118.08,"tendance trop faible ou baissière (EMA20 118.86, EMA50 119.12); EMA20 qui s'essouffle (-0.29 sur 3 bougies); prix sous l'EMA rapide; RSI 45 dans la zone 45-70","{""ema_fast"": 118.85559572514553, ""ema_slow"": 119.12124726017886, ""rsi"": 45.3925586378252, ""atr"": 1.280924366342141}"
01/10 01:16,-,EQUITY,46.70921072523743,capital simulé 46.71 USD dont -0.00 USD de cash,{}
01/10 01:18,XBTUSD,HOLD,83673.1,"position gardée : stop 83172.06, objectif 87496.89, latent -0.79 USD",{}
01/10 01:18,ETHUSD,SKIP,2685.38,"tendance trop faible ou baissière (EMA20 2684.21, EMA50 2684.61); EMA20 qui s'essouffle (-0.30 sur 3 bougies); prix au-dessus de l'EMA rapide; RSI 50 dans la zone 45-70","{""ema_fast"": 2684.2109894272676, ""ema_slow"": 2684.6071135708835, ""rsi"": 50.38352449063334, ""atr"": 17.861887602936687}"
01/10 01:18,SOLUSD,SKIP,118.08,"tendance trop faible ou baissière (EMA20 118.86, EMA50 119.12); EMA20 qui s'essouffle (-0.29 sur 3 bougies); prix sous l'EMA rapide; RSI 45 dans la zone 45-70","{""ema_fast"": 118.85559572514553, ""ema_slow"": 119.12124726017886, ""rsi"": 45.3925586378252, ""atr"": 1.280924366342141}"
01/10 01:18,-,EQUITY,46.74507689891704,capital simulé 46.75 USD dont -0.00 USD de cash,{}
01/10 02:33,XBTUSD,HOLD,83410.0,"position gardée : stop 83172.06, objectif 87496.89, latent -0.93 USD",{}
01/10 02:33,ETHUSD,SKIP,2684.11,"tendance trop faible ou baissière (EMA20 2684.20, EMA50 2684.59); EMA20 encore montante (+0.01 sur 3 bougies); prix sous l'EMA rapide; RSI 50 dans la zone 45-70","{""ema_fast"": 2684.201371386576, ""ema_slow"": 2684.5876189210467, ""rsi"": 49.88058787553404, ""atr"": 17.253895631298345}"
01/10 02:33,SOLUSD,SKIP,118.06,"tendance trop faible ou baissière (EMA20 118.78, EMA50 119.08); EMA20 qui s'essouffle (-0.26 sur 3 bougies); prix sous l'EMA rapide; RSI 45 dans la zone 45-70","{""ema_fast"": 118.7798247037031, ""ema_slow"": 119.07962972056401, ""rsi"": 45.29489582100906, ""atr"": 1.2287154830319877}"
01/10 02:33,-,EQUITY,46.598092626407656,capital simulé 46.60 USD dont -0.00 USD de cash,{}
01/10 03:50,XBTUSD,HOLD,83449.1,"position gardée : stop 83172.06, objectif 87496.89, latent -0.91 USD",{}
01/10 03:50,ETHUSD,SKIP,2682.91,"tendance trop faible ou baissière (EMA20 2684.08, EMA50 2684.52); EMA20 qui s'essouffle (-0.01 sur 3 bougies); prix sous l'EMA rapide; RSI 49 dans la zone 45-70","{""ema_fast"": 2684.0783836354735, ""ema_slow"": 2684.521829943748, ""rsi"": 49.37902037504402, ""atr"": 16.676474514777038}"
01/10 03:50,SOLUSD,SKIP,117.92,"tendance trop faible ou baissière (EMA20 118.70, EMA50 119.03); EMA20 qui s'essouffle (-0.24 sur 3 bougies); prix sous l'EMA rapide; RSI 45 hors zone 45-70","{""ema_fast"": 118.69793663668376, ""ema_slow"": 119.03415404524779, ""rsi"": 44.57197753664266, ""atr"": 1.1673786628154177}"
01/10 03:50,-,EQUITY,46.61993635523744,capital simulé 46.62 USD dont -0.00 USD de cash,{}
01/10 04:15,XBTUSD,HOLD,83535.7,"position gardée : stop 83172.06, objectif 87496.89, latent -0.86 USD",{}
01/10 04:15,ETHUSD,SKIP,2688.15,"tendance trop faible ou baissière (EMA20 2684.47, EMA50 2684.66); EMA20 encore montante (+0.26 sur 3 bougies); prix au-dessus de l'EMA rapide; RSI 52 dans la zone 45-70","{""ema_fast"": 2684.4661566225714, ""ema_slow"": 2684.6641111224253, ""rsi"": 51.66460758989833, ""atr"": 16.121012049435794}"
01/10 04:15,SOLUSD,SKIP,118.03,"tendance trop faible ou baissière (EMA20 118.63, EMA50 118.99); EMA20 qui s'essouffle (-0.22 sur 3 bougies); prix sous l'EMA rapide; RSI 45 dans la zone 45-70","{""ema_fast"": 118.63432362366626, ""ema_slow"": 118.99477545523813, ""rsi"": 45.31054953223393, ""atr"": 1.1218516154714593}"
01/10 04:15,-,EQUITY,46.668316583285,capital simulé 46.67 USD dont -0.00 USD de cash,{}
01/10 05:07,XBTUSD,HOLD,83404.3,"position gardée : stop 83172.06, objectif 87496.89, latent -0.94 USD",{}
01/10 05:07,ETHUSD,SKIP,2685.4,"tendance trop faible ou baissière (EMA20 2684.56, EMA50 2684.69); EMA20 encore montante (+0.35 sur 3 bougies); prix au-dessus de l'EMA rapide; RSI 50 dans la zone 45-70","{""ema_fast"": 2684.5550940870885, ""ema_slow"": 2684.6929695097842, ""rsi"": 50.37901599786254, ""atr"": 15.738796903047524}"
01/10 05:07,SOLUSD,SKIP,118.13,"tendance trop faible ou baissière (EMA20 118.59, EMA50 118.96); EMA20 qui s'essouffle (-0.19 sur 3 bougies); prix sous l'EMA rapide; RSI 46 dans la zone 45-70","{""ema_fast"": 118.58629280236471, ""ema_slow"": 118.96086269228772, ""rsi"": 46.01480483568479, ""atr"": 1.0860050715092124}"
01/10 05:07,-,EQUITY,46.594908246501525,capital simulé 46.59 USD dont -0.00 USD de cash,{}
01/10 06:24,XBTUSD,HOLD,83725.8,"position gardée : stop 83172.06, objectif 87496.89, latent -0.76 USD",{}
01/10 06:24,ETHUSD,SKIP,2694.0,"tendance trop faible ou baissière (EMA20 2685.45, EMA50 2685.06); EMA20 encore montante (+1.38 sur 3 bougies); prix au-dessus de l'EMA rapide; RSI 54 dans la zone 45-70","{""ema_fast"": 2685.454608935937, ""ema_slow"": 2685.057951097634, ""rsi"": 54.21587017230816, ""atr"": 15.463168552829853}"
01/10 06:24,SOLUSD,SKIP,118.61,"tendance trop faible ou baissière (EMA20 118.59, EMA50 118.95); EMA20 qui s'essouffle (-0.11 sur 3 bougies); prix au-dessus de l'EMA rapide; RSI 49 dans la zone 45-70","{""ema_fast"": 118.58855063071093, ""ema_slow"": 118.94710337102151, ""rsi"": 49.384102852653875, ""atr"": 1.0605761378299834}"
01/10 06:24,-,EQUITY,46.77451844647023,capital simulé 46.77 USD dont -0.00 USD de cash,{}
01/10 07:41,XBTUSD,HOLD,84258.0,"position gardée : stop 83172.06, objectif 87496.89, latent -0.46 USD",{}
01/10 07:41,ETHUSD,SKIP,2705.25,"tendance trop faible ou baissière (EMA20 2687.34, EMA50 2685.85); EMA20 encore montante (+2.87 sur 3 bougies); prix au-dessus de l'EMA rapide; RSI 59 dans la zone 45-70","{""ema_fast"": 2687.3398842753713, ""ema_slow"": 2685.849796152634, ""rsi"": 58.71324818605653, ""atr"": 15.692942227627709}"
01/10 07:41,SOLUSD,SKIP,119.01,"tendance trop faible ou baissière (EMA20 118.63, EMA50 118.95); EMA20 qui s'essouffle (-0.01 sur 3 bougies); prix au-dessus de l'EMA rapide; RSI 52 dans la zone 45-70","{""ema_fast"": 118.62868866588131, ""ema_slow"": 118.94956990549146, ""rsi"": 52.06874842016613, ""atr"": 1.0591064136992698}"
01/10 07:41,-,EQUITY,47.07183897033756,capital simulé 47.07 USD dont -0.00 USD de cash,{}
01/10 08:58,XBTUSD,HOLD,84109.7,"position gardée : stop 83172.06, objectif 87496.89, latent -0.54 USD",{}
01/10 08:58,ETHUSD,SKIP,2718.0153,"signal valide mais plus assez de cash (-0.00 USD), déjà investi dans les positions ouvertes",{}
01/10 08:58,SOLUSD,SKIP,119.36,"tendance trop faible ou baissière (EMA20 118.70, EMA50 118.97); EMA20 encore montante (+0.11 sur 3 bougies); prix au-dessus de l'EMA rapide; RSI 54 dans la zone 45-70","{""ema_fast"": 118.69833736436881, ""ema_slow"": 118.96566520331504, ""rsi"": 54.35030195693508, ""atr"": 1.0248845270064648}"
01/10 08:58,-,EQUITY,46.98898922646397,capital simulé 46.99 USD dont -0.00 USD de cash,{}
